{
	"credit": "Made with Blockbench",
	"textures": {
		"0": "block/lily_pad/lotus_flower",
		"1": "block/lily_pad/lotus_flower_2",
		"2": "block/lily_pad/lily_pad_1",
		"3": "block/lily_pad/lily_pad_2",
		"particle": "block/lily_pad/lotus_flower"
	},
	"elements": [
		{
			"from": [8, 1, 6],
			"to": [8, 5, 9],
			"rotation": {"angle": 0, "axis": "y", "origin": [8, 9, 8]},
			"faces": {
				"north": {"uv": [0, 0, 0, 4], "texture": "#missing"},
				"east": {"uv": [6, 11, 9, 15], "texture": "#0"},
				"south": {"uv": [0, 0, 0, 4], "texture": "#missing"},
				"west": {"uv": [6, 11, 9, 15], "texture": "#0"},
				"up": {"uv": [0, 0, 0, 3], "texture": "#missing"},
				"down": {"uv": [0, 0, 0, 3], "texture": "#missing"}
			}
		},
		{
			"from": [6.5, 1, 7.5],
			"to": [9.5, 5, 7.5],
			"rotation": {"angle": 0, "axis": "y", "origin": [8, 3, 7.5]},
			"faces": {
				"north": {"uv": [6, 11, 9, 15], "texture": "#0"},
				"east": {"uv": [0, 0, 0, 4], "texture": "#missing"},
				"south": {"uv": [6, 11, 9, 15], "texture": "#0"},
				"west": {"uv": [0, 0, 0, 4], "texture": "#missing"},
				"up": {"uv": [0, 0, 0, 3], "rotation": 90, "texture": "#missing"},
				"down": {"uv": [0, 0, 0, 3], "rotation": 270, "texture": "#missing"}
			}
		},
		{
			"from": [8, 1, 5],
			"to": [16, 1, 10],
			"rotation": {"angle": 22.5, "axis": "z", "origin": [12, 1, 7.5]},
			"faces": {
				"north": {"uv": [0, 0, 8, 0], "texture": "#missing"},
				"east": {"uv": [0, 0, 5, 0], "texture": "#missing"},
				"south": {"uv": [0, 0, 8, 0], "texture": "#missing"},
				"west": {"uv": [0, 0, 5, 0], "texture": "#missing"},
				"up": {"uv": [0, 0, 7, 11], "rotation": 90, "texture": "#0"},
				"down": {"uv": [0, 0, 7, 11], "rotation": 90, "texture": "#0"}
			}
		},
		{
			"from": [6.5, 2, 1.5],
			"to": [9.5, 2, 7.5],
			"rotation": {"angle": 45, "axis": "y", "origin": [8, 2, 7.5]},
			"faces": {
				"north": {"uv": [0, 0, 5, 0], "texture": "#missing"},
				"east": {"uv": [0, 0, 8, 0], "texture": "#missing"},
				"south": {"uv": [0, 0, 5, 0], "texture": "#missing"},
				"west": {"uv": [0, 0, 8, 0], "texture": "#missing"},
				"up": {"uv": [0, 0, 6, 10], "texture": "#1"},
				"down": {"uv": [0, 0, 6, 10], "rotation": 180, "texture": "#1"}
			}
		},
		{
			"from": [6.82843, 2, 3.17157],
			"to": [12.82843, 2, 6.17157],
			"rotation": {"angle": 45, "axis": "y", "origin": [10.82843, 2, 4.67157]},
			"faces": {
				"north": {"uv": [0, 0, 8, 0], "texture": "#missing"},
				"east": {"uv": [0, 0, 5, 0], "texture": "#missing"},
				"south": {"uv": [0, 0, 8, 0], "texture": "#missing"},
				"west": {"uv": [0, 0, 5, 0], "texture": "#missing"},
				"up": {"uv": [0, 0, 6, 10], "rotation": 90, "texture": "#1"},
				"down": {"uv": [0, 0, 6, 10], "rotation": 90, "texture": "#1"}
			}
		},
		{
			"from": [2, 2, 6],
			"to": [8, 2, 9],
			"rotation": {"angle": 45, "axis": "y", "origin": [8, 2, 7.5]},
			"faces": {
				"north": {"uv": [0, 0, 8, 0], "texture": "#missing"},
				"east": {"uv": [0, 0, 5, 0], "texture": "#missing"},
				"south": {"uv": [0, 0, 8, 0], "texture": "#missing"},
				"west": {"uv": [0, 0, 5, 0], "texture": "#missing"},
				"up": {"uv": [0, 0, 6, 10], "rotation": 270, "texture": "#1"},
				"down": {"uv": [0, 0, 6, 10], "rotation": 270, "texture": "#1"}
			}
		},
		{
			"from": [6.5, 2, 7.5],
			"to": [9.5, 2, 13.5],
			"rotation": {"angle": 45, "axis": "y", "origin": [8, 2, 7.5]},
			"faces": {
				"north": {"uv": [0, 0, 5, 0], "texture": "#missing"},
				"east": {"uv": [0, 0, 8, 0], "texture": "#missing"},
				"south": {"uv": [0, 0, 5, 0], "texture": "#missing"},
				"west": {"uv": [0, 0, 8, 0], "texture": "#missing"},
				"up": {"uv": [0, 0, 6, 10], "rotation": 180, "texture": "#1"},
				"down": {"uv": [0, 0, 6, 10], "texture": "#1"}
			}
		},
		{
			"from": [6.5, 3, 0.5],
			"to": [9.5, 3, 7.5],
			"rotation": {"angle": 45, "axis": "x", "origin": [8, 2, 3.5]},
			"faces": {
				"north": {"uv": [0, 0, 5, 0], "texture": "#missing"},
				"east": {"uv": [0, 0, 8, 0], "texture": "#missing"},
				"south": {"uv": [0, 0, 5, 0], "texture": "#missing"},
				"west": {"uv": [0, 0, 8, 0], "texture": "#missing"},
				"up": {"uv": [0, 0, 6, 10], "texture": "#1"},
				"down": {"uv": [0, 0, 6, 10], "rotation": 180, "texture": "#1"}
			}
		},
		{
			"from": [6.5, 3, 7.5],
			"to": [9.5, 3, 14.5],
			"rotation": {"angle": -45, "axis": "x", "origin": [8, 2, 11.5]},
			"faces": {
				"north": {"uv": [0, 0, 5, 0], "texture": "#missing"},
				"east": {"uv": [0, 0, 8, 0], "texture": "#missing"},
				"south": {"uv": [0, 0, 5, 0], "texture": "#missing"},
				"west": {"uv": [0, 0, 8, 0], "texture": "#missing"},
				"up": {"uv": [0, 0, 6, 10], "rotation": 180, "texture": "#1"},
				"down": {"uv": [0, 0, 6, 10], "texture": "#1"}
			}
		},
		{
			"from": [1, 3, 6],
			"to": [8, 3, 9],
			"rotation": {"angle": -45, "axis": "z", "origin": [4, 2, 7.5]},
			"faces": {
				"north": {"uv": [0, 0, 8, 0], "texture": "#missing"},
				"east": {"uv": [0, 0, 5, 0], "texture": "#missing"},
				"south": {"uv": [0, 0, 8, 0], "texture": "#missing"},
				"west": {"uv": [0, 0, 5, 0], "texture": "#missing"},
				"up": {"uv": [0, 0, 6, 10], "rotation": 270, "texture": "#1"},
				"down": {"uv": [0, 0, 6, 10], "rotation": 270, "texture": "#1"}
			}
		},
		{
			"from": [8, 3, 6],
			"to": [15, 3, 9],
			"rotation": {"angle": 45, "axis": "z", "origin": [12, 2, 7.5]},
			"faces": {
				"north": {"uv": [0, 0, 8, 0], "texture": "#missing"},
				"east": {"uv": [0, 0, 5, 0], "texture": "#missing"},
				"south": {"uv": [0, 0, 8, 0], "texture": "#missing"},
				"west": {"uv": [0, 0, 5, 0], "texture": "#missing"},
				"up": {"uv": [0, 0, 6, 10], "rotation": 90, "texture": "#1"},
				"down": {"uv": [0, 0, 6, 10], "rotation": 90, "texture": "#1"}
			}
		},
		{
			"from": [5, 1, 6],
			"to": [5, 5, 9],
			"rotation": {"angle": 0, "axis": "z", "origin": [4, 2, 7.5]},
			"faces": {
				"north": {"uv": [0, 0, 8, 0], "rotation": 270, "texture": "#1"},
				"east": {"uv": [0, 0, 6, 10], "texture": "#1"},
				"south": {"uv": [0, 0, 8, 0], "rotation": 90, "texture": "#missing"},
				"west": {"uv": [0, 0, 6, 10], "texture": "#1"},
				"up": {"uv": [0, 0, 5, 0], "rotation": 90, "texture": "#missing"},
				"down": {"uv": [0, 0, 5, 0], "rotation": 90, "texture": "#missing"}
			}
		},
		{
			"from": [6.5, 1, 10.5],
			"to": [9.5, 5, 10.5],
			"rotation": {"angle": 0, "axis": "x", "origin": [8, 2, 11.5]},
			"faces": {
				"north": {"uv": [0, 0, 6, 10], "texture": "#1"},
				"east": {"uv": [0, 0, 8, 0], "rotation": 90, "texture": "#missing"},
				"south": {"uv": [0, 0, 6, 10], "texture": "#1"},
				"west": {"uv": [0, 0, 8, 0], "rotation": 270, "texture": "#missing"},
				"up": {"uv": [0, 0, 5, 0], "texture": "#missing"},
				"down": {"uv": [0, 0, 5, 0], "rotation": 180, "texture": "#missing"}
			}
		},
		{
			"from": [6.5, 1, 4.5],
			"to": [9.5, 5, 4.5],
			"rotation": {"angle": 0, "axis": "x", "origin": [8, 2, 3.5]},
			"faces": {
				"north": {"uv": [0, 0, 6, 10], "texture": "#1"},
				"east": {"uv": [0, 0, 8, 0], "rotation": 270, "texture": "#1"},
				"south": {"uv": [0, 0, 6, 10], "texture": "#1"},
				"west": {"uv": [0, 0, 8, 0], "rotation": 90, "texture": "#missing"},
				"up": {"uv": [0, 0, 5, 0], "rotation": 180, "texture": "#missing"},
				"down": {"uv": [0, 0, 5, 0], "texture": "#missing"}
			}
		},
		{
			"from": [11, 1, 6],
			"to": [11, 5, 9],
			"rotation": {"angle": 0, "axis": "z", "origin": [12, 2, 7.5]},
			"faces": {
				"north": {"uv": [0, 0, 8, 0], "rotation": 90, "texture": "#1"},
				"east": {"uv": [0, 0, 6, 10], "texture": "#1"},
				"south": {"uv": [0, 0, 8, 0], "rotation": 270, "texture": "#missing"},
				"west": {"uv": [0, 0, 6, 10], "texture": "#1"},
				"up": {"uv": [0, 0, 5, 0], "rotation": 270, "texture": "#missing"},
				"down": {"uv": [0, 0, 5, 0], "rotation": 270, "texture": "#missing"}
			}
		},
		{
			"from": [0, 1, 5],
			"to": [8, 1, 10],
			"rotation": {"angle": -22.5, "axis": "z", "origin": [4, 1, 7.5]},
			"faces": {
				"north": {"uv": [0, 0, 8, 0], "texture": "#missing"},
				"east": {"uv": [0, 0, 5, 0], "texture": "#1"},
				"south": {"uv": [0, 0, 8, 0], "texture": "#missing"},
				"west": {"uv": [0, 0, 5, 0], "texture": "#missing"},
				"up": {"uv": [0, 0, 7, 11], "rotation": 270, "texture": "#0"},
				"down": {"uv": [0, 0, 7, 11], "rotation": 270, "texture": "#0"}
			}
		},
		{
			"from": [5.5, 1, 7.5],
			"to": [10.5, 1, 15.5],
			"rotation": {"angle": -22.5, "axis": "x", "origin": [8, 1, 11.5]},
			"faces": {
				"north": {"uv": [0, 0, 5, 0], "texture": "#missing"},
				"east": {"uv": [0, 0, 8, 0], "texture": "#1"},
				"south": {"uv": [0, 0, 5, 0], "texture": "#missing"},
				"west": {"uv": [0, 0, 8, 0], "texture": "#missing"},
				"up": {"uv": [0, 0, 7, 11], "rotation": 180, "texture": "#0"},
				"down": {"uv": [0, 0, 7, 11], "texture": "#0"}
			}
		},
		{
			"from": [5.5, 1, -0.5],
			"to": [10.5, 1, 7.5],
			"rotation": {"angle": 22.5, "axis": "x", "origin": [8, 1, 3.5]},
			"faces": {
				"north": {"uv": [0, 0, 5, 0], "texture": "#missing"},
				"east": {"uv": [0, 0, 8, 0], "texture": "#missing"},
				"south": {"uv": [0, 0, 5, 0], "texture": "#missing"},
				"west": {"uv": [0, 0, 8, 0], "texture": "#missing"},
				"up": {"uv": [0, 0, 7, 11], "texture": "#0"},
				"down": {"uv": [0, 0, 7, 11], "rotation": 180, "texture": "#0"}
			}
		},
		{
			"from": [5.5, 1, 7.5],
			"to": [10.5, 1, 14.5],
			"rotation": {"angle": 45, "axis": "y", "origin": [8, 1, 7.5]},
			"faces": {
				"north": {"uv": [0, 0, 5, 0], "texture": "#missing"},
				"east": {"uv": [0, 0, 8, 0], "texture": "#missing"},
				"south": {"uv": [0, 0, 5, 0], "texture": "#missing"},
				"west": {"uv": [0, 0, 8, 0], "texture": "#missing"},
				"up": {"uv": [0, 0, 7, 11], "rotation": 180, "texture": "#0"},
				"down": {"uv": [0, 0, 7, 11], "texture": "#0"}
			}
		},
		{
			"from": [1, 1, 5],
			"to": [8, 1, 10],
			"rotation": {"angle": 45, "axis": "y", "origin": [8, 1, 7.5]},
			"faces": {
				"north": {"uv": [0, 0, 8, 0], "texture": "#missing"},
				"east": {"uv": [0, 0, 5, 0], "texture": "#missing"},
				"south": {"uv": [0, 0, 8, 0], "texture": "#missing"},
				"west": {"uv": [0, 0, 5, 0], "texture": "#missing"},
				"up": {"uv": [0, 0, 7, 11], "rotation": 270, "texture": "#0"},
				"down": {"uv": [0, 0, 7, 11], "rotation": 270, "texture": "#0"}
			}
		},
		{
			"from": [6.82843, 1, 2.17157],
			"to": [13.82843, 1, 7.17157],
			"rotation": {"angle": 45, "axis": "y", "origin": [10.82843, 1, 4.67157]},
			"faces": {
				"north": {"uv": [0, 0, 8, 0], "texture": "#missing"},
				"east": {"uv": [0, 0, 5, 0], "texture": "#missing"},
				"south": {"uv": [0, 0, 8, 0], "texture": "#missing"},
				"west": {"uv": [0, 0, 5, 0], "texture": "#missing"},
				"up": {"uv": [0, 0, 7, 11], "rotation": 90, "texture": "#0"},
				"down": {"uv": [0, 0, 7, 11], "rotation": 90, "texture": "#0"}
			}
		},
		{
			"from": [5.5, 1, 0.5],
			"to": [10.5, 1, 7.5],
			"rotation": {"angle": 45, "axis": "y", "origin": [8, 1, 7.5]},
			"faces": {
				"north": {"uv": [0, 0, 5, 0], "texture": "#missing"},
				"east": {"uv": [0, 0, 8, 0], "texture": "#missing"},
				"south": {"uv": [0, 0, 5, 0], "texture": "#missing"},
				"west": {"uv": [0, 0, 8, 0], "texture": "#missing"},
				"up": {"uv": [0, 0, 7, 11], "texture": "#0"},
				"down": {"uv": [0, 0, 7, 11], "rotation": 180, "texture": "#0"}
			}
		},
		{
			"from": [3, 0, 2],
			"to": [14, 0, 13],
			"faces": {
				"north": {"uv": [0, 0, 11, 0], "texture": "#missing"},
				"east": {"uv": [0, 0, 11, 0], "texture": "#missing"},
				"south": {"uv": [0, 0, 11, 0], "texture": "#missing"},
				"west": {"uv": [0, 0, 11, 0], "texture": "#missing"},
				"up": {"uv": [0, 0, 11, 11], "texture": "#2"},
				"down": {"uv": [0, 0, 11, 11], "rotation": 180, "texture": "#2"}
			}
		},
		{
			"from": [8, -15, 5],
			"to": [8, 1, 10],
			"faces": {
				"north": {"uv": [0, 0, 0, 16], "texture": "#missing"},
				"east": {"uv": [8, 0, 13, 16], "texture": "#3"},
				"south": {"uv": [0, 0, 0, 16], "texture": "#missing"},
				"west": {"uv": [8, 0, 13, 16], "texture": "#3"},
				"up": {"uv": [0, 0, 0, 5], "texture": "#missing"},
				"down": {"uv": [0, 0, 0, 5], "texture": "#missing"}
			}
		}
	]
}