{
    "parent": "builtin/generated",
    "textures": {
        "layer0": "./fourreau"
    },
    "display": {
        "thirdperson_righthand": {
            "rotation": [ 0, -90, 55 ],
            "translation": [ 0, 4, 0.5],
            "scale":[ 1.7, 1.7, 0.85 ]
        },
        "thirdperson_lefthand": {
            "rotation": [ 0, 90, -55 ],
            "translation": [ 0, 4.0, 0.5 ],
            "scale":[ 1.7, 1.7, 0.85]
        },
        "firstperson_righthand": {
            "rotation": [ 0, -90, 25 ],
            "translation": [ 1.13, 3.2, 1.13 ],
            "scale": [ 1.36, 1.36, 0.68 ]
        },
        "firstperson_lefthand": {
            "rotation": [ 0, 90, -25 ],
            "translation": [ 1.13, 3.2, 1.13],
            "scale": [ 1.36, 1.36, 0.68 ]
        },
        "ground": {
            "rotation": [ 0, 0, 0 ],
            "translation": [ 0, 0, 0 ],
            "scale": [ 1.0, 1.0, 0.5 ]
        },
        "fixed": {
            "rotation": [ 0, 0, 0 ],
            "translation": [ 0, 0, 0 ],
            "scale": [ 2.0, 2.0, 1.0 ]
        },
        "gui": {
            "rotation": [ 0, 0, 0 ],
            "translation": [ 5.5, 5.5, 0 ],
            "scale": [ 2.0, 2.0, 1.0 ]
        },
		"ground": {
            "rotation": [ 0, 0, 0 ],
            "translation": [ 2, 5.5, 0 ],
            "scale": [ 1, 1, 0.7 ]
        }
    }
}
