{
  "demandOnServer": false,
  "showServerSafety": true,
  "hideRedChatIndicators": true,
  "hideYellowChatIndicators": false,
  "hideGrayChatIndicators": true,
  "hideWarningToast": true,
  "alwaysHideReportButton": false,
  "disableTelemetry": true,
  "showReloadButton": false,
  "whitelistAllServers": true,
  "verifiedIconEnabled": false,
  "showNCRButton": false,
  "enableMod": true,
  "skipRealmsWarning": false,
  "verifiedIconOffsetX": 0,
  "verifiedIconOffsetY": 0,
  "reconnectAwaitSeconds": 4,
  "postDisconnectAwaitSeconds": 10,
  "signingCheckDelaySeconds": 1209600,
  "serverSigningChecks": {
    "51.254.7.142:25575": 1668774047
  }
}