{
	"parent": "item/generated",
	"textures": {
        "layer0": "./ecu"
    },
	"display": {
		"thirdperson_righthand": {
            "rotation": [ 50, 90, -40 ],
            "translation": [ 2.5, -2, 2 ]
        },
        "thirdperson_lefthand": {
            "rotation": [ 50, 90, -40 ],
            "translation": [ 2.5, -2, 2 ]
        },
        "firstperson_righthand": {
            "rotation": [ 5, -5, -4 ],
            "translation": [ 5, -1, -3 ]
        },
        "firstperson_lefthand": {
            "rotation": [ 5, -5, -4 ],
            "translation": [ 5, -1, -3 ]
        },
        "gui": {
            "rotation": [ 0, 0, 0 ],
            "translation": [ 0, 0, -10 ]
        },
        "fixed": {
            "rotation": [ 0, 0, 0 ],
            "translation": [ 0, 0, 0 ]
        },
        "ground": {
            "rotation": [ 90, -90, 90 ],
            "translation": [ 0, 4, 0],
			"scale":  [ 0.7, 0.7, 0.7 ]
        }
	},
	"groups": [
		{
			"name": "ecu",
			"isOpen": true,
			"shade": true,
			"display": {
				"visibility": true,
				"autouv": true
			},
			"children": [
				{
					"name": "ecu",
					"shade": true,
					"display": {
						"visibility": true,
						"autouv": true
					},
					"children": [0, 1, 2, 3, 4, 5, 6, 7, 8]
				},
				{
					"name": "ecu",
					"shade": true,
					"display": {
						"visibility": true,
						"autouv": true
					},
					"children": [9, 10, 11, 12, 13, 14, 15, 16, 17]
				}
			]
		}
	]
}