{
	"__comment": "Designed by Tanou with Cubik Studio - https://cubik.studio",
	"textures": {
		"texture": "./baton_de_combat"
	},
	"gui_light": "front",
	"elements": [
		{
			"name": "Box1",
			"from": [-4, 0, 19],
			"to": [-2, 1, 20],
			"faces": {
				"north": {"uv": [0, 15, 2, 14], "texture": "#texture"},
				"east": {"uv": [0, 15, 2, 14], "texture": "#texture"},
				"south": {"uv": [0, 15, 2, 14], "texture": "#texture"},
				"west": {"uv": [0, 15, 2, 14], "texture": "#texture"},
				"up": {"uv": [0, 15, 2, 14], "texture": "#texture"},
				"down": {"uv": [0, 15, 2, 14], "texture": "#texture"}
			}
		},
		{
			"name": "Box2",
			"from": [-4, 0, 18],
			"to": [-1, 1, 19],
			"faces": {
				"north": {"uv": [0, 13, 3, 14], "texture": "#texture"},
				"east": {"uv": [2, 13, 3, 14], "texture": "#texture"},
				"south": {"uv": [0, 13, 3, 14], "texture": "#texture"},
				"west": {"uv": [0, 13, 1, 14], "texture": "#texture"},
				"up": {"uv": [0, 13, 3, 14], "texture": "#texture"},
				"down": {"uv": [0, 13, 3, 14], "texture": "#texture"}
			}
		},
		{
			"name": "Box2",
			"from": [-3, 0, 17],
			"to": [0, 1, 18],
			"faces": {
				"north": {"uv": [1, 12, 4, 13], "texture": "#texture"},
				"east": {"uv": [3, 12, 4, 13], "texture": "#texture"},
				"south": {"uv": [1, 12, 4, 13], "texture": "#texture"},
				"west": {"uv": [1, 12, 2, 13], "texture": "#texture"},
				"up": {"uv": [1, 12, 4, 13], "texture": "#texture"},
				"down": {"uv": [1, 12, 4, 13], "texture": "#texture"}
			}
		},
		{
			"name": "Box2",
			"from": [-2, 0, 16],
			"to": [1, 1, 17],
			"faces": {
				"north": {"uv": [2, 11, 5, 12], "texture": "#texture"},
				"east": {"uv": [4, 11, 5, 12], "texture": "#texture"},
				"south": {"uv": [2, 11, 5, 12], "texture": "#texture"},
				"west": {"uv": [2, 11, 3, 12], "texture": "#texture"},
				"up": {"uv": [2, 11, 5, 12], "texture": "#texture"},
				"down": {"uv": [2, 11, 5, 12], "texture": "#texture"}
			}
		},
		{
			"name": "Box2",
			"from": [-1, 0, 15],
			"to": [2, 1, 16],
			"faces": {
				"north": {"uv": [3, 10, 6, 11], "texture": "#texture"},
				"east": {"uv": [5, 10, 6, 11], "texture": "#texture"},
				"south": {"uv": [3, 10, 6, 11], "texture": "#texture"},
				"west": {"uv": [3, 10, 4, 11], "texture": "#texture"},
				"up": {"uv": [3, 10, 6, 11], "texture": "#texture"},
				"down": {"uv": [3, 10, 6, 11], "texture": "#texture"}
			}
		},
		{
			"name": "Box2",
			"from": [0, 0, 14],
			"to": [3, 1, 15],
			"faces": {
				"north": {"uv": [4, 9, 7, 10], "texture": "#texture"},
				"east": {"uv": [6, 9, 7, 10], "texture": "#texture"},
				"south": {"uv": [4, 9, 7, 10], "texture": "#texture"},
				"west": {"uv": [4, 9, 5, 10], "texture": "#texture"},
				"up": {"uv": [4, 9, 7, 10], "texture": "#texture"},
				"down": {"uv": [4, 9, 7, 10], "texture": "#texture"}
			}
		},
		{
			"name": "Box2",
			"from": [1, 0, 13],
			"to": [4, 1, 14],
			"faces": {
				"north": {"uv": [5, 8, 8, 9], "texture": "#texture"},
				"east": {"uv": [7, 8, 8, 9], "texture": "#texture"},
				"south": {"uv": [5, 8, 8, 9], "texture": "#texture"},
				"west": {"uv": [5, 8, 6, 9], "texture": "#texture"},
				"up": {"uv": [5, 8, 8, 9], "texture": "#texture"},
				"down": {"uv": [5, 8, 8, 9], "texture": "#texture"}
			}
		},
		{
			"name": "Box2",
			"from": [2, 0, 12],
			"to": [5, 1, 13],
			"faces": {
				"north": {"uv": [6, 7, 9, 8], "texture": "#texture"},
				"east": {"uv": [8, 7, 9, 8], "texture": "#texture"},
				"south": {"uv": [6, 7, 9, 8], "texture": "#texture"},
				"west": {"uv": [6, 7, 7, 8], "texture": "#texture"},
				"up": {"uv": [6, 7, 9, 8], "texture": "#texture"},
				"down": {"uv": [6, 7, 9, 8], "texture": "#texture"}
			}
		},
		{
			"name": "Box2",
			"from": [3, 0, 11],
			"to": [6, 1, 12],
			"faces": {
				"north": {"uv": [7, 6, 10, 7], "texture": "#texture"},
				"east": {"uv": [9, 6, 10, 7], "texture": "#texture"},
				"south": {"uv": [7, 6, 10, 7], "texture": "#texture"},
				"west": {"uv": [7, 6, 8, 7], "texture": "#texture"},
				"up": {"uv": [7, 6, 10, 7], "texture": "#texture"},
				"down": {"uv": [7, 6, 10, 7], "texture": "#texture"}
			}
		},
		{
			"name": "Box2",
			"from": [4, 0, 10],
			"to": [7, 1, 11],
			"faces": {
				"north": {"uv": [8, 5, 11, 6], "texture": "#texture"},
				"east": {"uv": [10, 5, 11, 6], "texture": "#texture"},
				"south": {"uv": [8, 5, 11, 6], "texture": "#texture"},
				"west": {"uv": [8, 5, 9, 6], "texture": "#texture"},
				"up": {"uv": [8, 5, 11, 6], "texture": "#texture"},
				"down": {"uv": [8, 5, 11, 6], "texture": "#texture"}
			}
		},
		{
			"name": "Box2",
			"from": [5, 0, 9],
			"to": [8, 1, 10],
			"faces": {
				"north": {"uv": [9, 4, 12, 5], "texture": "#texture"},
				"east": {"uv": [11, 4, 12, 5], "texture": "#texture"},
				"south": {"uv": [9, 4, 12, 5], "texture": "#texture"},
				"west": {"uv": [9, 4, 10, 5], "texture": "#texture"},
				"up": {"uv": [9, 4, 12, 5], "texture": "#texture"},
				"down": {"uv": [9, 4, 12, 5], "texture": "#texture"}
			}
		},
		{
			"name": "Box2",
			"from": [6, 0, 8],
			"to": [9, 1, 9],
			"faces": {
				"north": {"uv": [10, 3, 13, 4], "texture": "#texture"},
				"east": {"uv": [12, 3, 13, 4], "texture": "#texture"},
				"south": {"uv": [10, 3, 13, 4], "texture": "#texture"},
				"west": {"uv": [10, 3, 11, 4], "texture": "#texture"},
				"up": {"uv": [10, 3, 13, 4], "texture": "#texture"},
				"down": {"uv": [10, 3, 13, 4], "texture": "#texture"}
			}
		},
		{
			"name": "Box2",
			"from": [7, 0, 7],
			"to": [10, 1, 8],
			"faces": {
				"north": {"uv": [11, 2, 14, 3], "texture": "#texture"},
				"east": {"uv": [13, 2, 14, 3], "texture": "#texture"},
				"south": {"uv": [11, 2, 14, 3], "texture": "#texture"},
				"west": {"uv": [11, 2, 12, 3], "texture": "#texture"},
				"up": {"uv": [11, 2, 14, 3], "texture": "#texture"},
				"down": {"uv": [11, 2, 14, 3], "texture": "#texture"}
			}
		},
		{
			"name": "Box2",
			"from": [8, 0, 6],
			"to": [11, 1, 7],
			"faces": {
				"north": {"uv": [12, 1, 15, 2], "texture": "#texture"},
				"east": {"uv": [14, 1, 15, 2], "texture": "#texture"},
				"south": {"uv": [12, 1, 15, 2], "texture": "#texture"},
				"west": {"uv": [12, 1, 13, 2], "texture": "#texture"},
				"up": {"uv": [12, 1, 15, 2], "texture": "#texture"},
				"down": {"uv": [12, 1, 15, 2], "texture": "#texture"}
			}
		},
		{
			"name": "Box2",
			"from": [9, 0, 5],
			"to": [12, 1, 6],
			"faces": {
				"north": {"uv": [13, 0, 16, 1], "texture": "#texture"},
				"east": {"uv": [15, 0, 16, 1], "texture": "#texture"},
				"south": {"uv": [13, 0, 16, 1], "texture": "#texture"},
				"west": {"uv": [13, 0, 14, 1], "texture": "#texture"},
				"up": {"uv": [13, 0, 16, 1], "texture": "#texture"},
				"down": {"uv": [13, 0, 16, 1], "texture": "#texture"}
			}
		},
		{
			"name": "Box2",
			"from": [10, 0, 4],
			"to": [13, 1, 5],
			"faces": {
				"north": {"uv": [4, 15, 7, 16], "texture": "#texture"},
				"east": {"uv": [6, 15, 7, 16], "texture": "#texture"},
				"south": {"uv": [4, 15, 7, 16], "texture": "#texture"},
				"west": {"uv": [4, 15, 5, 16], "texture": "#texture"},
				"up": {"uv": [4, 15, 7, 16], "texture": "#texture"},
				"down": {"uv": [4, 15, 7, 16], "texture": "#texture"}
			}
		},
		{
			"name": "Box2",
			"from": [11, 0, 3],
			"to": [14, 1, 4],
			"faces": {
				"north": {"uv": [5, 14, 8, 15], "texture": "#texture"},
				"east": {"uv": [7, 14, 8, 15], "texture": "#texture"},
				"south": {"uv": [5, 14, 8, 15], "texture": "#texture"},
				"west": {"uv": [5, 14, 6, 15], "texture": "#texture"},
				"up": {"uv": [5, 14, 8, 15], "texture": "#texture"},
				"down": {"uv": [5, 14, 8, 15], "texture": "#texture"}
			}
		},
		{
			"name": "Box2",
			"from": [12, 0, 2],
			"to": [15, 1, 3],
			"faces": {
				"north": {"uv": [6, 13, 9, 14], "texture": "#texture"},
				"east": {"uv": [8, 13, 9, 14], "texture": "#texture"},
				"south": {"uv": [6, 13, 9, 14], "texture": "#texture"},
				"west": {"uv": [6, 13, 7, 14], "texture": "#texture"},
				"up": {"uv": [6, 13, 9, 14], "texture": "#texture"},
				"down": {"uv": [6, 13, 9, 14], "texture": "#texture"}
			}
		},
		{
			"name": "Box2",
			"from": [13, 0, 1],
			"to": [16, 1, 2],
			"faces": {
				"north": {"uv": [7, 12, 10, 13], "texture": "#texture"},
				"east": {"uv": [9, 12, 10, 13], "texture": "#texture"},
				"south": {"uv": [7, 12, 10, 13], "texture": "#texture"},
				"west": {"uv": [7, 12, 8, 13], "texture": "#texture"},
				"up": {"uv": [7, 12, 10, 13], "texture": "#texture"},
				"down": {"uv": [7, 12, 10, 13], "texture": "#texture"}
			}
		},
		{
			"name": "Box2",
			"from": [14, 0, 0],
			"to": [17, 1, 1],
			"faces": {
				"north": {"uv": [8, 11, 11, 12], "texture": "#texture"},
				"east": {"uv": [10, 11, 11, 12], "texture": "#texture"},
				"south": {"uv": [8, 11, 11, 12], "texture": "#texture"},
				"west": {"uv": [8, 11, 9, 12], "texture": "#texture"},
				"up": {"uv": [8, 11, 11, 12], "texture": "#texture"},
				"down": {"uv": [8, 11, 11, 12], "texture": "#texture"}
			}
		},
		{
			"name": "Box2",
			"from": [15, 0, -1],
			"to": [18, 1, 0],
			"faces": {
				"north": {"uv": [9, 10, 12, 11], "texture": "#texture"},
				"east": {"uv": [11, 10, 12, 11], "texture": "#texture"},
				"south": {"uv": [9, 10, 12, 11], "texture": "#texture"},
				"west": {"uv": [9, 10, 10, 11], "texture": "#texture"},
				"up": {"uv": [9, 10, 12, 11], "texture": "#texture"},
				"down": {"uv": [9, 10, 12, 11], "texture": "#texture"}
			}
		},
		{
			"name": "Box2",
			"from": [16, 0, -2],
			"to": [18, 1, -1],
			"faces": {
				"north": {"uv": [10, 9, 12, 10], "texture": "#texture"},
				"east": {"uv": [11, 9, 12, 10], "texture": "#texture"},
				"south": {"uv": [10, 9, 12, 10], "texture": "#texture"},
				"west": {"uv": [10, 9, 11, 10], "texture": "#texture"},
				"up": {"uv": [10, 9, 12, 10], "texture": "#texture"},
				"down": {"uv": [10, 9, 12, 10], "texture": "#texture"}
			}
		}
	],
	"gui_light": "front",
	"display": {
		"thirdperson_righthand": {
			"rotation": [60, 0, 90],
			"translation": [-7.5, 7.6521, 4]
		},
		"thirdperson_lefthand": {
			"rotation": [60, 0, -90],
			"translation": [7.5, 7.6521, 4]
		},
		"firstperson_righthand": {
			"rotation": [45.25, 0, 90],
			"translation": [-7.5, 10.1521, 2.25]
		},
		"firstperson_lefthand": {
			"rotation": [-134, -180, 90],
			"translation": [8.5, 11, 1]
		},
		"ground": {
			"rotation": [0, 0, 90],
			"translation": [-5.5, 6.5, -2.086],
			"scale": [0.75, 0.75, 0.75]
		},
		"gui": {
			"rotation": [0, -90, 90],
			"translation": [1.75, 2, -5.5],
			"scale": [0.75, 0.75, 0.75]
		},
		"head": {
			"rotation": [-121, -1, 88],
			"translation": [5.3, -3.5, 0],
			"scale": [0.2, 0.2, 0.2]
		},
		"fixed": {
			"rotation": [90, 0, 0],
			"translation": [3, 2, 8.5]
		}
	}
}
