{
	"__comment": "Designed by Miranthir with Cubik Studio - https://cubik.studio",
	"textures": {
		"particle": "./bougie_flamme",
		"texture": "./bougie"
	},
	"gui_light": "front",
	"elements": [ 	 
		{
			"from": [ 5.75, 6.5, 7.25 ],
			"to": [ 10.25, 9.75, 7.5 ],
			"faces": {
				"down": { "uv": [ 5.75, 8.5, 10.25, 8.75 ], "texture": "#texture" },
				"up": { "uv": [ 5.75, 7.25, 10.25, 7.5 ], "texture": "#texture" },
				"north": { "uv": [ 5.75, 6.25, 10.25, 9.5 ], "texture": "#texture" },
				"south": { "uv": [ 5.75, 6.25, 10.25, 9.5 ], "texture": "#texture" },
				"west": { "uv": [ 7.25, 6.25, 7.5, 9.5 ], "texture": "#texture" },
				"east": { "uv": [ 8.5, 6.25, 8.75, 9.5 ], "texture": "#texture" }
			}
		},
		{
			"from": [ 5.75, 7, 8.75 ],
			"to": [ 10.25, 9.75, 9 ],
			"faces": {
				"down": { "uv": [ 5.75, 7, 10.25, 7.25 ], "texture": "#texture" },
				"up": { "uv": [ 5.75, 8.75, 10.25, 9 ], "texture": "#texture" },
				"north": { "uv": [ 5.75, 6.25, 10.25, 9 ], "texture": "#texture" },
				"south": { "uv": [ 5.75, 6.25, 10.25, 9 ], "texture": "#texture" },
				"west": { "uv": [ 8.75, 6.25, 9, 9 ], "texture": "#texture" },
				"east": { "uv": [ 7, 6.25, 7.25, 9 ], "texture": "#texture" }
			}
		},
		{
			"from": [ 5.75, 7.25, 7.5 ],
			"to": [ 10.25, 9.75, 7.75 ],
			"faces": {
				"down": { "uv": [ 5.75, 8.25, 10.25, 8.5 ], "texture": "#texture" },
				"up": { "uv": [ 5.75, 7.5, 10.25, 7.75 ], "texture": "#texture" },
				"south": { "uv": [ 5.75, 6.25, 10.25, 8.75 ], "texture": "#texture" },
				"west": { "uv": [ 7.5, 6.25, 7.75, 8.75 ], "texture": "#texture" },
				"east": { "uv": [ 8.25, 6.25, 8.5, 8.75 ], "texture": "#texture" }
			}
		},
		{
			"from": [ 5.75, 7.75, 9 ],
			"to": [ 10.25, 10, 9.25 ],
			"faces": {
				"down": { "uv": [ 5.75, 6.75, 10.25, 7 ], "texture": "#texture" },
				"up": { "uv": [ 5.75, 9, 10.25, 9.25 ], "texture": "#texture" },
				"north": { "uv": [ 5.75, 6, 10.25, 8.25 ], "texture": "#texture" },
				"south": { "uv": [ 5.75, 6, 10.25, 8.25 ], "texture": "#texture" },
				"west": { "uv": [ 9, 6, 9.25, 8.25 ], "texture": "#texture" },
				"east": { "uv": [ 6.75, 6, 7, 8.25 ], "texture": "#texture" }
			}
		},
		{
			"from": [ 5.75, 8, 7.75 ],
			"to": [ 10.25, 9.75, 8 ],
			"faces": {
				"down": { "uv": [ 5.75, 8, 10.25, 8.25 ], "texture": "#texture" },
				"up": { "uv": [ 5.75, 7.75, 10.25, 8 ], "texture": "#texture" },
				"south": { "uv": [ 5.75, 6.25, 10.25, 8 ], "texture": "#texture" },
				"west": { "uv": [ 7.75, 6.25, 8, 8 ], "texture": "#texture" },
				"east": { "uv": [ 8, 6.25, 8.25, 8 ], "texture": "#texture" }
			}
		},
		{
			"from": [ 5.75, 8.5, 8.5 ],
			"to": [ 10.25, 9.75, 8.75 ],
			"faces": {
				"down": { "uv": [ 5.75, 7.25, 10.25, 7.5 ], "texture": "#texture" },
				"up": { "uv": [ 5.75, 8.5, 10.25, 8.75 ], "texture": "#texture" },
				"north": { "uv": [ 5.75, 6.25, 10.25, 7.5 ], "texture": "#texture" },
				"west": { "uv": [ 8.5, 6.25, 8.75, 7.5 ], "texture": "#texture" },
				"east": { "uv": [ 7.25, 6.25, 7.5, 7.5 ], "texture": "#texture" }
			}
		},
		{
			"from": [ 5.75, 8.75, 7 ],
			"to": [ 10.25, 10, 7.25 ],
			"faces": {
				"down": { "uv": [ 5.75, 8.75, 10.25, 9 ], "texture": "#texture" },
				"up": { "uv": [ 5.75, 7, 10.25, 7.25 ], "texture": "#texture" },
				"north": { "uv": [ 5.75, 6, 10.25, 7.25 ], "texture": "#texture" },
				"south": { "uv": [ 5.75, 6, 10.25, 7.25 ], "texture": "#texture" },
				"west": { "uv": [ 7, 6, 7.25, 7.25 ], "texture": "#texture" },
				"east": { "uv": [ 8.75, 6, 9, 7.25 ], "texture": "#texture" }
			}
		},
		{
			"from": [ 5.75, 9.75, 7.25 ],
			"to": [ 7.75, 10, 7.5 ],
			"faces": {
				"up": { "uv": [ 5.75, 7.25, 7.75, 7.5 ], "texture": "#texture" },
				"south": { "uv": [ 5.75, 6, 7.75, 6.25 ], "texture": "#texture" },
				"west": { "uv": [ 7.25, 6, 7.5, 6.25 ], "texture": "#texture" },
				"east": { "uv": [ 8.5, 6, 8.75, 6.25 ], "texture": "#texture" }
			}
		},
		{
			"from": [ 5.75, 9.75, 7.5 ],
			"to": [ 7.5, 10, 7.75 ],
			"faces": {
				"up": { "uv": [ 5.75, 7.5, 7.5, 7.75 ], "texture": "#texture" },
				"south": { "uv": [ 5.75, 6, 7.5, 6.25 ], "texture": "#texture" },
				"west": { "uv": [ 7.5, 6, 7.75, 6.25 ], "texture": "#texture" },
				"east": { "uv": [ 8.25, 6, 8.5, 6.25 ], "texture": "#texture" }
			}
		},
		{
			"from": [ 5.75, 9.75, 8.5 ],
			"to": [ 7.5, 10, 9 ],
			"faces": {
				"down": { "uv": [ 5.75, 7, 7.5, 7.5 ], "texture": "#texture" },
				"up": { "uv": [ 5.75, 8.5, 7.5, 9 ], "texture": "#texture" },
				"north": { "uv": [ 8.5, 6, 10.25, 6.25 ], "texture": "#texture" },
				"west": { "uv": [ 8.5, 6, 9, 6.25 ], "texture": "#texture" },
				"east": { "uv": [ 7, 6, 7.5, 6.25 ], "texture": "#texture" }
			}
		},
		{
			"from": [ 5.75, 10, 7 ],
			"to": [ 7.25, 10.25, 7.25 ],
			"faces": {
				"up": { "uv": [ 5.75, 7, 7.25, 7.25 ], "texture": "#texture" },
				"north": { "uv": [ 8.75, 5.75, 10.25, 6 ], "texture": "#texture" },
				"south": { "uv": [ 5.75, 5.75, 7.25, 6 ], "texture": "#texture" },
				"west": { "uv": [ 7, 5.75, 7.25, 6 ], "texture": "#texture" },
				"east": { "uv": [ 8.75, 5.75, 9, 6 ], "texture": "#texture" }
			}
		},
		{
			"from": [ 5.75, 10, 7.25 ],
			"to": [ 7, 10.5, 7.5 ],
			"faces": {
				"up": { "uv": [ 5.75, 7.25, 7, 7.5 ], "texture": "#texture" },
				"north": { "uv": [ 9, 5.5, 10.25, 6 ], "texture": "#texture" },
				"south": { "uv": [ 5.75, 5.5, 7, 6 ], "texture": "#texture" },
				"west": { "uv": [ 7.25, 5.5, 7.5, 6 ], "texture": "#texture" },
				"east": { "uv": [ 8.5, 5.5, 8.75, 6 ], "texture": "#texture" }
			}
		},
		{
			"from": [ 5.75, 10, 7.5 ],
			"to": [ 7, 10.25, 7.75 ],
			"faces": {
				"up": { "uv": [ 5.75, 7.5, 7, 7.75 ], "texture": "#texture" },
				"south": { "uv": [ 5.75, 5.75, 7, 6 ], "texture": "#texture" },
				"west": { "uv": [ 7.5, 5.75, 7.75, 6 ], "texture": "#texture" },
				"east": { "uv": [ 8.25, 5.75, 8.5, 6 ], "texture": "#texture" }
			}
		},
		{
			"from": [ 5.75, 10, 8.5 ],
			"to": [ 7, 10.25, 9.25 ],
			"faces": {
				"down": { "uv": [ 5.75, 6.75, 7, 7.5 ], "texture": "#texture" },
				"up": { "uv": [ 5.75, 8.5, 7, 9.25 ], "texture": "#texture" },
				"north": { "uv": [ 9, 5.75, 10.25, 6 ], "texture": "#texture" },
				"south": { "uv": [ 5.75, 5.75, 7, 6 ], "texture": "#texture" },
				"west": { "uv": [ 8.5, 5.75, 9.25, 6 ], "texture": "#texture" },
				"east": { "uv": [ 6.75, 5.75, 7.5, 6 ], "texture": "#texture" }
			}
		},
		{
			"from": [ 5.75, 10.25, 7.5 ],
			"to": [ 6.75, 10.5, 7.75 ],
			"faces": {
				"up": { "uv": [ 5.75, 7.5, 6.75, 7.75 ], "texture": "#texture" },
				"south": { "uv": [ 5.75, 5.5, 6.75, 5.75 ], "texture": "#texture" },
				"west": { "uv": [ 7.5, 5.5, 7.75, 5.75 ], "texture": "#texture" },
				"east": { "uv": [ 8.25, 5.5, 8.5, 5.75 ], "texture": "#texture" }
			}
		},
		{
			"from": [ 5.75, 10.25, 8.5 ],
			"to": [ 6.75, 10.5, 9 ],
			"faces": {
				"up": { "uv": [ 5.75, 8.5, 6.75, 9 ], "texture": "#texture" },
				"north": { "uv": [ 9.25, 5.5, 10.25, 5.75 ], "texture": "#texture" },
				"south": { "uv": [ 5.75, 5.5, 6.75, 5.75 ], "texture": "#texture" },
				"west": { "uv": [ 8.5, 5.5, 9, 5.75 ], "texture": "#texture" },
				"east": { "uv": [ 7, 5.5, 7.5, 5.75 ], "texture": "#texture" }
			}
		},
		{
			"from": [ 5.75, 10.5, 7.25 ],
			"to": [ 6.5, 10.75, 7.5 ],
			"faces": {
				"up": { "uv": [ 5.75, 7.25, 6.5, 7.5 ], "texture": "#texture" },
				"north": { "uv": [ 9.5, 5.25, 10.25, 5.5 ], "texture": "#texture" },
				"south": { "uv": [ 5.75, 5.25, 6.5, 5.5 ], "texture": "#texture" },
				"west": { "uv": [ 7.25, 5.25, 7.5, 5.5 ], "texture": "#texture" },
				"east": { "uv": [ 8.5, 5.25, 8.75, 5.5 ], "texture": "#texture" }
			}
		},
		{
			"from": [ 5.75, 10.5, 8.5 ],
			"to": [ 6.5, 11, 9 ],
			"faces": {
				"up": { "uv": [ 5.75, 8.5, 6.5, 9 ], "texture": "#texture" },
				"north": { "uv": [ 9.5, 5, 10.25, 5.5 ], "texture": "#texture" },
				"south": { "uv": [ 5.75, 5, 6.5, 5.5 ], "texture": "#texture" },
				"west": { "uv": [ 8.5, 5, 9, 5.5 ], "texture": "#texture" },
				"east": { "uv": [ 7, 5, 7.5, 5.5 ], "texture": "#texture" }
			}
		},
		{
			"from": [ 5.75, 11, 8.75 ],
			"to": [ 6.5, 11.25, 9 ],
			"faces": {
				"up": { "uv": [ 5.75, 8.75, 6.5, 9 ], "texture": "#texture" },
				"north": { "uv": [ 9.5, 4.75, 10.25, 5 ], "texture": "#texture" },
				"south": { "uv": [ 5.75, 4.75, 6.5, 5 ], "texture": "#texture" },
				"west": { "uv": [ 8.75, 4.75, 9, 5 ], "texture": "#texture" },
				"east": { "uv": [ 7, 4.75, 7.25, 5 ], "texture": "#texture" }
			}
		},
		{
			"from": [ 6, 0, 7.25 ],
			"to": [ 10.25, 6.5, 9 ],
			"faces": {
				"down": { "uv": [ 6, 7, 10.25, 8.75 ], "texture": "#texture", "cullface": "down" },
				"up": { "uv": [ 6, 7.25, 10.25, 9 ], "texture": "#texture" },
				"north": { "uv": [ 5.75, 9.5, 10, 16 ], "texture": "#texture" },
				"south": { "uv": [ 6, 9.5, 10.25, 16 ], "texture": "#texture" },
				"west": { "uv": [ 7.25, 9.5, 9, 16 ], "texture": "#texture" },
				"east": { "uv": [ 7, 9.5, 8.75, 16 ], "texture": "#texture" }
			}
		},
		{
			"from": [ 6, 6.5, 7.5 ],
			"to": [ 10.25, 7.25, 8.75 ],
			"faces": {
				"up": { "uv": [ 6, 7.5, 10.25, 8.75 ], "texture": "#texture" },
				"south": { "uv": [ 6, 8.75, 10.25, 9.5 ], "texture": "#texture" },
				"west": { "uv": [ 7.5, 8.75, 8.75, 9.5 ], "texture": "#texture" },
				"east": { "uv": [ 7.25, 8.75, 8.5, 9.5 ], "texture": "#texture" }
			}
		},
		{
			"from": [ 6, 6.5, 8.75 ],
			"to": [ 10.25, 7, 9 ],
			"faces": {
				"south": { "uv": [ 6, 9, 10.25, 9.5 ], "texture": "#texture" },
				"west": { "uv": [ 8.75, 9, 9, 9.5 ], "texture": "#texture" },
				"east": { "uv": [ 7, 9, 7.25, 9.5 ], "texture": "#texture" }
			}
		},
		{
			"from": [ 6, 6.75, 9 ],
			"to": [ 10, 7.75, 9.25 ],
			"faces": {
				"down": { "uv": [ 6, 6.75, 10, 7 ], "texture": "#texture" },
				"north": { "uv": [ 6, 8.25, 10, 9.25 ], "texture": "#texture" },
				"south": { "uv": [ 6, 8.25, 10, 9.25 ], "texture": "#texture" },
				"west": { "uv": [ 9, 8.25, 9.25, 9.25 ], "texture": "#texture" },
				"east": { "uv": [ 6.75, 8.25, 7, 9.25 ], "texture": "#texture" }
			}
		},
		{
			"from": [ 6, 7, 7 ],
			"to": [ 10, 8.75, 7.25 ],
			"faces": {
				"down": { "uv": [ 6, 8.75, 10, 9 ], "texture": "#texture" },
				"north": { "uv": [ 6, 7.25, 10, 9 ], "texture": "#texture" },
				"west": { "uv": [ 7, 7.25, 7.25, 9 ], "texture": "#texture" },
				"east": { "uv": [ 8.75, 7.25, 9, 9 ], "texture": "#texture" }
			}
		},
		{
			"from": [ 6, 7.25, 7.75 ],
			"to": [ 10.25, 8, 8.75 ],
			"faces": {
				"up": { "uv": [ 6, 7.75, 10.25, 8.75 ], "texture": "#texture" },
				"west": { "uv": [ 7.75, 8, 8.75, 8.75 ], "texture": "#texture" },
				"east": { "uv": [ 7.25, 8, 8.25, 8.75 ], "texture": "#texture" }
			}
		},
		{
			"from": [ 6, 7.25, 9.25 ],
			"to": [ 10, 10, 9.5 ],
			"faces": {
				"down": { "uv": [ 6, 6.5, 10, 6.75 ], "texture": "#texture" },
				"up": { "uv": [ 6, 9.25, 10, 9.5 ], "texture": "#texture" },
				"north": { "uv": [ 6, 6, 10, 8.75 ], "texture": "#texture" },
				"south": { "uv": [ 6, 6, 10, 8.75 ], "texture": "#texture" },
				"west": { "uv": [ 9.25, 6, 9.5, 8.75 ], "texture": "#texture" },
				"east": { "uv": [ 6.5, 6, 6.75, 8.75 ], "texture": "#texture" }
			}
		},
		{
			"from": [ 6, 8, 8 ],
			"to": [ 10.25, 9.75, 8.5 ],
			"faces": {
				"up": { "uv": [ 6, 8, 10.25, 8.5 ], "texture": "#texture" },
				"south": { "uv": [ 6, 6.25, 10.25, 8 ], "texture": "#texture" },
				"west": { "uv": [ 8, 6.25, 8.5, 8 ], "texture": "#texture" },
				"east": { "uv": [ 7.5, 6.25, 8, 8 ], "texture": "#texture" }
			}
		},
		{
			"from": [ 6, 8, 8.5 ],
			"to": [ 10.25, 8.5, 8.75 ],
			"faces": {
				"west": { "uv": [ 8.5, 7.5, 8.75, 8 ], "texture": "#texture" },
				"east": { "uv": [ 7.25, 7.5, 7.5, 8 ], "texture": "#texture" }
			}
		},
		{
			"from": [ 6, 8.5, 6.75 ],
			"to": [ 10, 10, 7 ],
			"faces": {
				"down": { "uv": [ 6, 9, 10, 9.25 ], "texture": "#texture" },
				"up": { "uv": [ 6, 6.75, 10, 7 ], "texture": "#texture" },
				"north": { "uv": [ 6, 6, 10, 7.5 ], "texture": "#texture" },
				"south": { "uv": [ 6, 6, 10, 7.5 ], "texture": "#texture" },
				"west": { "uv": [ 6.75, 6, 7, 7.5 ], "texture": "#texture" },
				"east": { "uv": [ 9, 6, 9.25, 7.5 ], "texture": "#texture" }
			}
		},
		{
			"from": [ 6, 9.75, 7.75 ],
			"to": [ 7.25, 10, 8.5 ],
			"faces": {
				"down": { "uv": [ 6, 7.5, 7.25, 8.25 ], "texture": "#texture" },
				"up": { "uv": [ 6, 7.75, 7.25, 8.5 ], "texture": "#texture" },
				"west": { "uv": [ 7.75, 6, 8.5, 6.25 ], "texture": "#texture" },
				"east": { "uv": [ 7.5, 6, 8.25, 6.25 ], "texture": "#texture" }
			}
		},
		{
			"from": [ 6, 10, 7.75 ],
			"to": [ 7, 10.25, 8 ],
			"faces": {
				"up": { "uv": [ 6, 7.75, 7, 8 ], "texture": "#texture" },
				"south": { "uv": [ 6, 5.75, 7, 6 ], "texture": "#texture" },
				"west": { "uv": [ 7.75, 5.75, 8, 6 ], "texture": "#texture" },
				"east": { "uv": [ 8, 5.75, 8.25, 6 ], "texture": "#texture" }
			}
		},
		{
			"from": [ 6, 10, 8 ],
			"to": [ 6.75, 10.25, 8.5 ],
			"faces": {
				"up": { "uv": [ 6, 8, 6.75, 8.5 ], "texture": "#texture" },
				"west": { "uv": [ 8, 5.75, 8.5, 6 ], "texture": "#texture" },
				"east": { "uv": [ 7.5, 5.75, 8, 6 ], "texture": "#texture" }
			}
		},
		{
			"from": [ 6, 10.25, 7 ],
			"to": [ 7, 10.5, 7.25 ],
			"faces": {
				"up": { "uv": [ 6, 7, 7, 7.25 ], "texture": "#texture" },
				"north": { "uv": [ 9, 5.5, 10, 5.75 ], "texture": "#texture" },
				"west": { "uv": [ 7, 5.5, 7.25, 5.75 ], "texture": "#texture" },
				"east": { "uv": [ 8.75, 5.5, 9, 5.75 ], "texture": "#texture" }
			}
		},
		{
			"from": [ 6, 10.25, 7.75 ],
			"to": [ 6.75, 10.5, 8 ],
			"faces": {
				"up": { "uv": [ 6, 7.75, 6.75, 8 ], "texture": "#texture" },
				"south": { "uv": [ 6, 5.5, 6.75, 5.75 ], "texture": "#texture" },
				"west": { "uv": [ 7.75, 5.5, 8, 5.75 ], "texture": "#texture" },
				"east": { "uv": [ 8, 5.5, 8.25, 5.75 ], "texture": "#texture" }
			}
		},
		{
			"from": [ 6, 10.25, 8 ],
			"to": [ 6.5, 10.75, 8.5 ],
			"faces": {
				"up": { "uv": [ 6, 8, 6.5, 8.5 ], "texture": "#texture" },
				"north": { "uv": [ 9.5, 5.25, 10, 5.75 ], "texture": "#texture" },
				"south": { "uv": [ 6, 5.25, 6.5, 5.75 ], "texture": "#texture" },
				"west": { "uv": [ 8, 5.25, 8.5, 5.75 ], "texture": "#texture" },
				"east": { "uv": [ 7.5, 5.25, 8, 5.75 ], "texture": "#texture" }
			}
		},
		{
			"from": [ 6, 10.25, 9 ],
			"to": [ 7, 10.5, 9.25 ],
			"faces": {
				"up": { "uv": [ 6, 9, 7, 9.25 ], "texture": "#texture" },
				"north": { "uv": [ 9, 5.5, 10, 5.75 ], "texture": "#texture" },
				"south": { "uv": [ 6, 5.5, 7, 5.75 ], "texture": "#texture" },
				"west": { "uv": [ 9, 5.5, 9.25, 5.75 ], "texture": "#texture" },
				"east": { "uv": [ 6.75, 5.5, 7, 5.75 ], "texture": "#texture" }
			}
		},
		{
			"from": [ 6, 10.5, 7 ],
			"to": [ 6.5, 10.75, 7.25 ],
			"faces": {
				"up": { "uv": [ 6, 7, 6.5, 7.25 ], "texture": "#texture" },
				"north": { "uv": [ 9.5, 5.25, 10, 5.5 ], "texture": "#texture" },
				"west": { "uv": [ 7, 5.25, 7.25, 5.5 ], "texture": "#texture" },
				"east": { "uv": [ 8.75, 5.25, 9, 5.5 ], "texture": "#texture" }
			}
		},
		{
			"from": [ 6, 10.5, 7.5 ],
			"to": [ 6.25, 11, 8 ],
			"faces": {
				"down": { "uv": [ 6, 8, 6.25, 8.5 ], "texture": "#texture" },
				"up": { "uv": [ 6, 7.5, 6.25, 8 ], "texture": "#texture" },
				"north": { "uv": [ 9.75, 5, 10, 5.5 ], "texture": "#texture" },
				"south": { "uv": [ 6, 5, 6.25, 5.5 ], "texture": "#texture" },
				"west": { "uv": [ 7.5, 5, 8, 5.5 ], "texture": "#texture" },
				"east": { "uv": [ 8, 5, 8.5, 5.5 ], "texture": "#texture" }
			}
		},
		{
			"from": [ 6, 10.5, 9 ],
			"to": [ 6.75, 11, 9.25 ],
			"faces": {
				"up": { "uv": [ 6, 9, 6.75, 9.25 ], "texture": "#texture" },
				"north": { "uv": [ 9.25, 5, 10, 5.5 ], "texture": "#texture" },
				"south": { "uv": [ 6, 5, 6.75, 5.5 ], "texture": "#texture" },
				"west": { "uv": [ 9, 5, 9.25, 5.5 ], "texture": "#texture" },
				"east": { "uv": [ 6.75, 5, 7, 5.5 ], "texture": "#texture" }
			}
		},
		{
			"from": [ 6, 10.75, 8 ],
			"to": [ 6.25, 11.25, 8.5 ],
			"faces": {
				"up": { "uv": [ 6, 8, 6.25, 8.5 ], "texture": "#texture" },
				"north": { "uv": [ 9.75, 4.75, 10, 5.25 ], "texture": "#texture" },
				"south": { "uv": [ 6, 4.75, 6.25, 5.25 ], "texture": "#texture" },
				"west": { "uv": [ 8, 4.75, 8.5, 5.25 ], "texture": "#texture" },
				"east": { "uv": [ 7.5, 4.75, 8, 5.25 ], "texture": "#texture" }
			}
		},
		{
			"from": [ 6, 11, 8.5 ],
			"to": [ 6.25, 11.25, 8.75 ],
			"faces": {
				"up": { "uv": [ 6, 8.5, 6.25, 8.75 ], "texture": "#texture" },
				"west": { "uv": [ 8.5, 4.75, 8.75, 5 ], "texture": "#texture" },
				"east": { "uv": [ 7.25, 4.75, 7.5, 5 ], "texture": "#texture" }
			}
		},
		{
			"from": [ 6.25, 0, 6.75 ],
			"to": [ 10, 8.5, 7 ],
			"faces": {
				"down": { "uv": [ 6.25, 9, 10, 9.25 ], "texture": "#texture", "cullface": "down" },
				"north": { "uv": [ 6, 7.5, 9.75, 16 ], "texture": "#texture" },
				"south": { "uv": [ 6.25, 7.5, 10, 16 ], "texture": "#texture" },
				"west": { "uv": [ 6.75, 7.5, 7, 16 ], "texture": "#texture" },
				"east": { "uv": [ 9, 7.5, 9.25, 16 ], "texture": "#texture" }
			}
		},
		{
			"from": [ 6.25, 0, 7 ],
			"to": [ 10, 7, 7.25 ],
			"faces": {
				"down": { "uv": [ 6.25, 8.75, 10, 9 ], "texture": "#texture", "cullface": "down" },
				"south": { "uv": [ 6.25, 9, 10, 16 ], "texture": "#texture" },
				"west": { "uv": [ 7, 9, 7.25, 16 ], "texture": "#texture" },
				"east": { "uv": [ 8.75, 9, 9, 16 ], "texture": "#texture" }
			}
		},
		{
			"from": [ 6.25, 0, 9 ],
			"to": [ 10, 6.75, 9.5 ],
			"faces": {
				"down": { "uv": [ 6.25, 6.5, 10, 7 ], "texture": "#texture", "cullface": "down" },
				"up": { "uv": [ 6.25, 9, 10, 9.5 ], "texture": "#texture" },
				"north": { "uv": [ 6, 9.25, 9.75, 16 ], "texture": "#texture" },
				"south": { "uv": [ 6.25, 9.25, 10, 16 ], "texture": "#texture" },
				"west": { "uv": [ 9, 9.25, 9.5, 16 ], "texture": "#texture" },
				"east": { "uv": [ 6.5, 9.25, 7, 16 ], "texture": "#texture" }
			}
		},
		{
			"from": [ 6.25, 6.75, 9.25 ],
			"to": [ 10, 7.25, 9.5 ],
			"faces": {
				"south": { "uv": [ 6.25, 8.75, 10, 9.25 ], "texture": "#texture" },
				"west": { "uv": [ 9.25, 8.75, 9.5, 9.25 ], "texture": "#texture" },
				"east": { "uv": [ 6.5, 8.75, 6.75, 9.25 ], "texture": "#texture" }
			}
		},
		{
			"from": [ 6.25, 10, 6.75 ],
			"to": [ 10, 10.25, 7 ],
			"faces": {
				"up": { "uv": [ 6.25, 6.75, 10, 7 ], "texture": "#texture" },
				"north": { "uv": [ 6, 5.75, 9.75, 6 ], "texture": "#texture" },
				"south": { "uv": [ 6.25, 5.75, 10, 6 ], "texture": "#texture" },
				"west": { "uv": [ 6.75, 5.75, 7, 6 ], "texture": "#texture" },
				"east": { "uv": [ 9, 5.75, 9.25, 6 ], "texture": "#texture" }
			}
		},
		{
			"from": [ 6.25, 10, 9.25 ],
			"to": [ 7.75, 10.25, 9.5 ],
			"faces": {
				"up": { "uv": [ 6.25, 9.25, 7.75, 9.5 ], "texture": "#texture" },
				"north": { "uv": [ 8.25, 5.75, 9.75, 6 ], "texture": "#texture" },
				"south": { "uv": [ 6.25, 5.75, 7.75, 6 ], "texture": "#texture" },
				"west": { "uv": [ 9.25, 5.75, 9.5, 6 ], "texture": "#texture" },
				"east": { "uv": [ 6.5, 5.75, 6.75, 6 ], "texture": "#texture" }
			}
		},
		{
			"from": [ 6.25, 10.25, 6.75 ],
			"to": [ 7.25, 10.5, 7 ],
			"faces": {
				"up": { "uv": [ 6.25, 6.75, 7.25, 7 ], "texture": "#texture" },
				"north": { "uv": [ 8.75, 5.5, 9.75, 5.75 ], "texture": "#texture" },
				"south": { "uv": [ 6.25, 5.5, 7.25, 5.75 ], "texture": "#texture" },
				"west": { "uv": [ 6.75, 5.5, 7, 5.75 ], "texture": "#texture" },
				"east": { "uv": [ 9, 5.5, 9.25, 5.75 ], "texture": "#texture" }
			}
		},
		{
			"from": [ 6.25, 10.25, 9.25 ],
			"to": [ 7.5, 10.5, 9.5 ],
			"faces": {
				"up": { "uv": [ 6.25, 9.25, 7.5, 9.5 ], "texture": "#texture" },
				"north": { "uv": [ 8.5, 5.5, 9.75, 5.75 ], "texture": "#texture" },
				"south": { "uv": [ 6.25, 5.5, 7.5, 5.75 ], "texture": "#texture" },
				"west": { "uv": [ 9.25, 5.5, 9.5, 5.75 ], "texture": "#texture" },
				"east": { "uv": [ 6.5, 5.5, 6.75, 5.75 ], "texture": "#texture" }
			}
		},
		{
			"from": [ 6.25, 10.5, 6.75 ],
			"to": [ 6.75, 10.75, 7 ],
			"faces": {
				"up": { "uv": [ 6.25, 6.75, 6.75, 7 ], "texture": "#texture" },
				"north": { "uv": [ 9.25, 5.25, 9.75, 5.5 ], "texture": "#texture" },
				"south": { "uv": [ 6.25, 5.25, 6.75, 5.5 ], "texture": "#texture" },
				"west": { "uv": [ 6.75, 5.25, 7, 5.5 ], "texture": "#texture" },
				"east": { "uv": [ 9, 5.25, 9.25, 5.5 ], "texture": "#texture" }
			}
		},
		{
			"from": [ 6.25, 10.5, 9.25 ],
			"to": [ 7, 11, 9.5 ],
			"faces": {
				"up": { "uv": [ 6.25, 9.25, 7, 9.5 ], "texture": "#texture" },
				"north": { "uv": [ 9, 5, 9.75, 5.5 ], "texture": "#texture" },
				"south": { "uv": [ 6.25, 5, 7, 5.5 ], "texture": "#texture" },
				"west": { "uv": [ 9.25, 5, 9.5, 5.5 ], "texture": "#texture" },
				"east": { "uv": [ 6.5, 5, 6.75, 5.5 ], "texture": "#texture" }
			}
		},
		{
			"from": [ 6.25, 10.75, 8.25 ],
			"to": [ 6.5, 11, 8.5 ],
			"faces": {
				"up": { "uv": [ 6.25, 8.25, 6.5, 8.5 ], "texture": "#texture" },
				"north": { "uv": [ 9.5, 5, 9.75, 5.25 ], "texture": "#texture" },
				"east": { "uv": [ 7.5, 5, 7.75, 5.25 ], "texture": "#texture" }
			}
		},
		{
			"from": [ 6.25, 11, 9 ],
			"to": [ 6.75, 11.25, 9.5 ],
			"faces": {
				"down": { "uv": [ 6.25, 6.5, 6.75, 7 ], "texture": "#texture" },
				"up": { "uv": [ 6.25, 9, 6.75, 9.5 ], "texture": "#texture" },
				"north": { "uv": [ 9.25, 4.75, 9.75, 5 ], "texture": "#texture" },
				"south": { "uv": [ 6.25, 4.75, 6.75, 5 ], "texture": "#texture" },
				"west": { "uv": [ 9, 4.75, 9.5, 5 ], "texture": "#texture" },
				"east": { "uv": [ 6.5, 4.75, 7, 5 ], "texture": "#texture" }
			}
		},
		{
			"from": [ 6.25, 11.25, 9 ],
			"to": [ 6.5, 11.5, 9.5 ],
			"faces": {
				"up": { "uv": [ 6.25, 9, 6.5, 9.5 ], "texture": "#texture" },
				"north": { "uv": [ 9.5, 4.5, 9.75, 4.75 ], "texture": "#texture" },
				"south": { "uv": [ 6.25, 4.5, 6.5, 4.75 ], "texture": "#texture" },
				"west": { "uv": [ 9, 4.5, 9.5, 4.75 ], "texture": "#texture" },
				"east": { "uv": [ 6.5, 4.5, 7, 4.75 ], "texture": "#texture" }
			}
		},
		{
			"from": [ 6.5, 0, 6.5 ],
			"to": [ 9.75, 10.25, 6.75 ],
			"faces": {
				"down": { "uv": [ 6.5, 9.25, 9.75, 9.5 ], "texture": "#texture", "cullface": "down" },
				"up": { "uv": [ 6.5, 6.5, 9.75, 6.75 ], "texture": "#texture" },
				"north": { "uv": [ 6.25, 5.75, 9.5, 16 ], "texture": "#texture" },
				"south": { "uv": [ 6.5, 5.75, 9.75, 16 ], "texture": "#texture" },
				"west": { "uv": [ 6.5, 5.75, 6.75, 16 ], "texture": "#texture" },
				"east": { "uv": [ 9.25, 5.75, 9.5, 16 ], "texture": "#texture" }
			}
		},
		{
			"from": [ 6.5, 0, 9.5 ],
			"to": [ 9.75, 10.25, 9.75 ],
			"faces": {
				"down": { "uv": [ 6.5, 6.25, 9.75, 6.5 ], "texture": "#texture", "cullface": "down" },
				"up": { "uv": [ 6.5, 9.5, 9.75, 9.75 ], "texture": "#texture" },
				"north": { "uv": [ 6.25, 5.75, 9.5, 16 ], "texture": "#texture" },
				"south": { "uv": [ 6.5, 5.75, 9.75, 16 ], "texture": "#texture" },
				"west": { "uv": [ 9.5, 5.75, 9.75, 16 ], "texture": "#texture" },
				"east": { "uv": [ 6.25, 5.75, 6.5, 16 ], "texture": "#texture" }
			}
		},
		{
			"from": [ 6.5, 10.25, 6.5 ],
			"to": [ 7.75, 10.5, 6.75 ],
			"faces": {
				"up": { "uv": [ 6.5, 6.5, 7.75, 6.75 ], "texture": "#texture" },
				"north": { "uv": [ 8.25, 5.5, 9.5, 5.75 ], "texture": "#texture" },
				"south": { "uv": [ 6.5, 5.5, 7.75, 5.75 ], "texture": "#texture" },
				"west": { "uv": [ 6.5, 5.5, 6.75, 5.75 ], "texture": "#texture" },
				"east": { "uv": [ 9.25, 5.5, 9.5, 5.75 ], "texture": "#texture" }
			}
		},
		{
			"from": [ 6.5, 10.25, 8.25 ],
			"to": [ 6.75, 10.5, 8.5 ],
			"faces": {
				"up": { "uv": [ 6.5, 8.25, 6.75, 8.5 ], "texture": "#texture" },
				"north": { "uv": [ 9.25, 5.5, 9.5, 5.75 ], "texture": "#texture" },
				"east": { "uv": [ 7.5, 5.5, 7.75, 5.75 ], "texture": "#texture" }
			}
		},
		{
			"from": [ 6.5, 10.25, 9.5 ],
			"to": [ 7.75, 10.5, 9.75 ],
			"faces": {
				"up": { "uv": [ 6.5, 9.5, 7.75, 9.75 ], "texture": "#texture" },
				"north": { "uv": [ 8.25, 5.5, 9.5, 5.75 ], "texture": "#texture" },
				"south": { "uv": [ 6.5, 5.5, 7.75, 5.75 ], "texture": "#texture" },
				"west": { "uv": [ 9.5, 5.5, 9.75, 5.75 ], "texture": "#texture" },
				"east": { "uv": [ 6.25, 5.5, 6.5, 5.75 ], "texture": "#texture" }
			}
		},
		{
			"from": [ 6.5, 10.5, 6.5 ],
			"to": [ 7, 10.75, 6.75 ],
			"faces": {
				"up": { "uv": [ 6.5, 6.5, 7, 6.75 ], "texture": "#texture" },
				"north": { "uv": [ 9, 5.25, 9.5, 5.5 ], "texture": "#texture" },
				"south": { "uv": [ 6.5, 5.25, 7, 5.5 ], "texture": "#texture" },
				"west": { "uv": [ 6.5, 5.25, 6.75, 5.5 ], "texture": "#texture" },
				"east": { "uv": [ 9.25, 5.25, 9.5, 5.5 ], "texture": "#texture" }
			}
		},
		{
			"from": [ 6.5, 10.5, 8.75 ],
			"to": [ 6.75, 11, 9 ],
			"faces": {
				"up": { "uv": [ 6.5, 8.75, 6.75, 9 ], "texture": "#texture" },
				"north": { "uv": [ 9.25, 5, 9.5, 5.5 ], "texture": "#texture" },
				"east": { "uv": [ 7, 5, 7.25, 5.5 ], "texture": "#texture" }
			}
		},
		{
			"from": [ 6.5, 10.5, 9.5 ],
			"to": [ 7.25, 11.25, 9.75 ],
			"faces": {
				"up": { "uv": [ 6.5, 9.5, 7.25, 9.75 ], "texture": "#texture" },
				"north": { "uv": [ 8.75, 4.75, 9.5, 5.5 ], "texture": "#texture" },
				"south": { "uv": [ 6.5, 4.75, 7.25, 5.5 ], "texture": "#texture" },
				"west": { "uv": [ 9.5, 4.75, 9.75, 5.5 ], "texture": "#texture" },
				"east": { "uv": [ 6.25, 4.75, 6.5, 5.5 ], "texture": "#texture" }
			}
		},
		{
			"from": [ 6.5, 11.25, 9.25 ],
			"to": [ 6.75, 11.5, 9.75 ],
			"faces": {
				"down": { "uv": [ 6.5, 6.25, 6.75, 6.75 ], "texture": "#texture" },
				"up": { "uv": [ 6.5, 9.25, 6.75, 9.75 ], "texture": "#texture" },
				"north": { "uv": [ 9.25, 4.5, 9.5, 4.75 ], "texture": "#texture" },
				"south": { "uv": [ 6.5, 4.5, 6.75, 4.75 ], "texture": "#texture" },
				"west": { "uv": [ 9.25, 4.5, 9.75, 4.75 ], "texture": "#texture" },
				"east": { "uv": [ 6.25, 4.5, 6.75, 4.75 ], "texture": "#texture" }
			}
		},
		{
			"from": [ 6.75, 0, 6.25 ],
			"to": [ 9.5, 10.5, 6.5 ],
			"faces": {
				"down": { "uv": [ 6.75, 9.5, 9.5, 9.75 ], "texture": "#texture", "cullface": "down" },
				"up": { "uv": [ 6.75, 6.25, 9.5, 6.5 ], "texture": "#texture" },
				"north": { "uv": [ 6.5, 5.5, 9.25, 16 ], "texture": "#texture" },
				"south": { "uv": [ 6.75, 5.5, 9.5, 16 ], "texture": "#texture" },
				"west": { "uv": [ 6.25, 5.5, 6.5, 16 ], "texture": "#texture" },
				"east": { "uv": [ 9.5, 5.5, 9.75, 16 ], "texture": "#texture" }
			}
		},
		{
			"from": [ 6.75, 0, 9.75 ],
			"to": [ 9.5, 10.5, 10 ],
			"faces": {
				"down": { "uv": [ 6.75, 6, 9.5, 6.25 ], "texture": "#texture", "cullface": "down" },
				"up": { "uv": [ 6.75, 9.75, 9.5, 10 ], "texture": "#texture" },
				"north": { "uv": [ 6.5, 5.5, 9.25, 16 ], "texture": "#texture" },
				"south": { "uv": [ 6.75, 5.5, 9.5, 16 ], "texture": "#texture" },
				"west": { "uv": [ 9.75, 5.5, 10, 16 ], "texture": "#texture" },
				"east": { "uv": [ 6, 5.5, 6.25, 16 ], "texture": "#texture" }
			}
		},
		{
			"from": [ 6.75, 6.75, 6 ],
			"to": [ 7, 10.25, 6.25 ],
			"faces": {
				"down": { "uv": [ 6.75, 9.75, 7, 10 ], "texture": "#texture" },
				"up": { "uv": [ 6.75, 6, 7, 6.25 ], "texture": "#texture" },
				"north": { "uv": [ 9, 5.75, 9.25, 9.25 ], "texture": "#texture" },
				"west": { "uv": [ 6, 5.75, 6.25, 9.25 ], "texture": "#texture" },
				"east": { "uv": [ 9.75, 5.75, 10, 9.25 ], "texture": "#texture" }
			}
		},
		{
			"from": [ 6.75, 10.25, 8.75 ],
			"to": [ 7, 10.5, 9 ],
			"faces": {
				"up": { "uv": [ 6.75, 8.75, 7, 9 ], "texture": "#texture" },
				"north": { "uv": [ 9, 5.5, 9.25, 5.75 ], "texture": "#texture" },
				"east": { "uv": [ 7, 5.5, 7.25, 5.75 ], "texture": "#texture" }
			}
		},
		{
			"from": [ 6.75, 10.5, 6.25 ],
			"to": [ 7.5, 10.75, 6.5 ],
			"faces": {
				"up": { "uv": [ 6.75, 6.25, 7.5, 6.5 ], "texture": "#texture" },
				"north": { "uv": [ 8.5, 5.25, 9.25, 5.5 ], "texture": "#texture" },
				"south": { "uv": [ 6.75, 5.25, 7.5, 5.5 ], "texture": "#texture" },
				"west": { "uv": [ 6.25, 5.25, 6.5, 5.5 ], "texture": "#texture" },
				"east": { "uv": [ 9.5, 5.25, 9.75, 5.5 ], "texture": "#texture" }
			}
		},
		{
			"from": [ 6.75, 10.5, 9.75 ],
			"to": [ 7.75, 11.25, 10 ],
			"faces": {
				"up": { "uv": [ 6.75, 9.75, 7.75, 10 ], "texture": "#texture" },
				"north": { "uv": [ 8.25, 4.75, 9.25, 5.5 ], "texture": "#texture" },
				"south": { "uv": [ 6.75, 4.75, 7.75, 5.5 ], "texture": "#texture" },
				"west": { "uv": [ 9.75, 4.75, 10, 5.5 ], "texture": "#texture" },
				"east": { "uv": [ 6, 4.75, 6.25, 5.5 ], "texture": "#texture" }
			}
		},
		{
			"from": [ 6.75, 11.25, 9.5 ],
			"to": [ 7, 11.5, 10 ],
			"faces": {
				"down": { "uv": [ 6.75, 6, 7, 6.5 ], "texture": "#texture" },
				"up": { "uv": [ 6.75, 9.5, 7, 10 ], "texture": "#texture" },
				"north": { "uv": [ 9, 4.5, 9.25, 4.75 ], "texture": "#texture" },
				"south": { "uv": [ 6.75, 4.5, 7, 4.75 ], "texture": "#texture" },
				"west": { "uv": [ 9.5, 4.5, 10, 4.75 ], "texture": "#texture" },
				"east": { "uv": [ 6, 4.5, 6.5, 4.75 ], "texture": "#texture" }
			}
		},
		{
			"from": [ 7, 7.5, 6 ],
			"to": [ 9.25, 10.75, 6.25 ],
			"faces": {
				"down": { "uv": [ 7, 9.75, 9.25, 10 ], "texture": "#texture" },
				"up": { "uv": [ 7, 6, 9.25, 6.25 ], "texture": "#texture" },
				"north": { "uv": [ 6.75, 5.25, 9, 8.5 ], "texture": "#texture" },
				"south": { "uv": [ 7, 5.25, 9.25, 8.5 ], "texture": "#texture" },
				"west": { "uv": [ 6, 5.25, 6.25, 8.5 ], "texture": "#texture" },
				"east": { "uv": [ 9.75, 5.25, 10, 8.5 ], "texture": "#texture" }
			}
		},
		{
			"from": [ 7, 8.25, 5.75 ],
			"to": [ 7.5, 10.5, 6 ],
			"faces": {
				"down": { "uv": [ 7, 10, 7.5, 10.25 ], "texture": "#texture" },
				"up": { "uv": [ 7, 5.75, 7.5, 6 ], "texture": "#texture" },
				"north": { "uv": [ 8.5, 5.5, 9, 7.75 ], "texture": "#texture" },
				"west": { "uv": [ 5.75, 5.5, 6, 7.75 ], "texture": "#texture" },
				"east": { "uv": [ 10, 5.5, 10.25, 7.75 ], "texture": "#texture" }
			}
		},
		{
			"from": [ 7, 10, 8.75 ],
			"to": [ 7.25, 10.25, 9.25 ],
			"faces": {
				"down": { "uv": [ 7, 6.75, 7.25, 7.25 ], "texture": "#texture" },
				"up": { "uv": [ 7, 8.75, 7.25, 9.25 ], "texture": "#texture" },
				"north": { "uv": [ 8.75, 5.75, 9, 6 ], "texture": "#texture" },
				"east": { "uv": [ 6.75, 5.75, 7.25, 6 ], "texture": "#texture" }
			}
		},
		{
			"from": [ 7, 11.25, 9.75 ],
			"to": [ 7.5, 11.5, 10 ],
			"faces": {
				"up": { "uv": [ 7, 9.75, 7.5, 10 ], "texture": "#texture" },
				"north": { "uv": [ 8.5, 4.5, 9, 4.75 ], "texture": "#texture" },
				"south": { "uv": [ 7, 4.5, 7.5, 4.75 ], "texture": "#texture" },
				"east": { "uv": [ 6, 4.5, 6.25, 4.75 ], "texture": "#texture" }
			}
		},
		{
			"from": [ 7.25, 0, 6 ],
			"to": [ 9, 7.5, 6.25 ],
			"faces": {
				"down": { "uv": [ 7.25, 9.75, 9, 10 ], "texture": "#texture", "cullface": "down" },
				"north": { "uv": [ 7, 8.5, 8.75, 16 ], "texture": "#texture" },
				"west": { "uv": [ 6, 8.5, 6.25, 16 ], "texture": "#texture" },
				"east": { "uv": [ 9.75, 8.5, 10, 16 ], "texture": "#texture" }
			}
		},
		{
			"from": [ 7.25, 0, 10 ],
			"to": [ 9, 11.5, 10.25 ],
			"faces": {
				"down": { "uv": [ 7.25, 5.75, 9, 6 ], "texture": "#texture", "cullface": "down" },
				"up": { "uv": [ 7.25, 10, 9, 10.25 ], "texture": "#texture" },
				"north": { "uv": [ 7, 4.5, 8.75, 16 ], "texture": "#texture" },
				"south": { "uv": [ 7.25, 4.5, 9, 16 ], "texture": "#texture" },
				"west": { "uv": [ 10, 4.5, 10.25, 16 ], "texture": "#texture" },
				"east": { "uv": [ 5.75, 4.5, 6, 16 ], "texture": "#texture" }
			}
		},
		{
			"from": [ 7.25, 7.75, 5.75 ],
			"to": [ 7.5, 8.25, 6 ],
			"faces": {
				"down": { "uv": [ 7.25, 10, 7.5, 10.25 ], "texture": "#texture" },
				"north": { "uv": [ 8.5, 7.75, 8.75, 8.25 ], "texture": "#texture" },
				"west": { "uv": [ 5.75, 7.75, 6, 8.25 ], "texture": "#texture" },
				"east": { "uv": [ 10, 7.75, 10.25, 8.25 ], "texture": "#texture" }
			}
		},
		{
			"from": [ 7.25, 10.5, 5.75 ],
			"to": [ 7.5, 10.75, 6 ],
			"faces": {
				"up": { "uv": [ 7.25, 5.75, 7.5, 6 ], "texture": "#texture" },
				"north": { "uv": [ 8.5, 5.25, 8.75, 5.5 ], "texture": "#texture" },
				"west": { "uv": [ 5.75, 5.25, 6, 5.5 ], "texture": "#texture" },
				"east": { "uv": [ 10, 5.25, 10.25, 5.5 ], "texture": "#texture" }
			}
		},
		{
			"from": [ 7.5, 8.75, 5.75 ],
			"to": [ 7.75, 10.25, 6 ],
			"faces": {
				"down": { "uv": [ 7.5, 10, 7.75, 10.25 ], "texture": "#texture" },
				"up": { "uv": [ 7.5, 5.75, 7.75, 6 ], "texture": "#texture" },
				"north": { "uv": [ 8.25, 5.75, 8.5, 7.25 ], "texture": "#texture" },
				"east": { "uv": [ 10, 5.75, 10.25, 7.25 ], "texture": "#texture" }
			}
		},
		{
			"from": [ 7.5, 9.75, 8.75 ],
			"to": [ 7.75, 10, 9 ],
			"faces": {
				"up": { "uv": [ 7.5, 8.75, 7.75, 9 ], "texture": "#texture" },
				"north": { "uv": [ 8.25, 6, 8.5, 6.25 ], "texture": "#texture" },
				"east": { "uv": [ 7, 6, 7.25, 6.25 ], "texture": "#texture" }
			}
		},
		{
			"from": [ 7.5, 11.5, 10 ],
			"to": [ 9, 11.75, 10.25 ],
			"faces": {
				"up": { "uv": [ 7.5, 10, 9, 10.25 ], "texture": "#texture" },
				"north": { "uv": [ 7, 4.25, 8.5, 4.5 ], "texture": "#texture" },
				"south": { "uv": [ 7.5, 4.25, 9, 4.5 ], "texture": "#texture" },
				"west": { "uv": [ 10, 4.25, 10.25, 4.5 ], "texture": "#texture" },
				"east": { "uv": [ 5.75, 4.25, 6, 4.5 ], "texture": "#texture" }
			}
		},
		{
			"from": [ 8, 10.75, 6 ],
			"to": [ 9.25, 11, 6.25 ],
			"faces": {
				"up": { "uv": [ 8, 6, 9.25, 6.25 ], "texture": "#texture" },
				"north": { "uv": [ 6.75, 5, 8, 5.25 ], "texture": "#texture" },
				"south": { "uv": [ 8, 5, 9.25, 5.25 ], "texture": "#texture" },
				"west": { "uv": [ 6, 5, 6.25, 5.25 ], "texture": "#texture" },
				"east": { "uv": [ 9.75, 5, 10, 5.25 ], "texture": "#texture" }
			}
		},
		{
			"from": [ 8, 11.75, 10 ],
			"to": [ 9, 12, 10.25 ],
			"faces": {
				"up": { "uv": [ 8, 10, 9, 10.25 ], "texture": "#texture" },
				"north": { "uv": [ 7, 4, 8, 4.25 ], "texture": "#texture" },
				"south": { "uv": [ 8, 4, 9, 4.25 ], "texture": "#texture" },
				"west": { "uv": [ 10, 4, 10.25, 4.25 ], "texture": "#texture" },
				"east": { "uv": [ 5.75, 4, 6, 4.25 ], "texture": "#texture" }
			}
		},
		{
			"from": [ 8.25, 10.25, 6.5 ],
			"to": [ 9.75, 10.5, 6.75 ],
			"faces": {
				"up": { "uv": [ 8.25, 6.5, 9.75, 6.75 ], "texture": "#texture" },
				"north": { "uv": [ 6.25, 5.5, 7.75, 5.75 ], "texture": "#texture" },
				"south": { "uv": [ 8.25, 5.5, 9.75, 5.75 ], "texture": "#texture" },
				"west": { "uv": [ 6.5, 5.5, 6.75, 5.75 ], "texture": "#texture" },
				"east": { "uv": [ 9.25, 5.5, 9.5, 5.75 ], "texture": "#texture" }
			}
		},
		{
			"from": [ 8.25, 10.5, 6.25 ],
			"to": [ 9.5, 10.75, 6.5 ],
			"faces": {
				"up": { "uv": [ 8.25, 6.25, 9.5, 6.5 ], "texture": "#texture" },
				"north": { "uv": [ 6.5, 5.25, 7.75, 5.5 ], "texture": "#texture" },
				"south": { "uv": [ 8.25, 5.25, 9.5, 5.5 ], "texture": "#texture" },
				"west": { "uv": [ 6.25, 5.25, 6.5, 5.5 ], "texture": "#texture" },
				"east": { "uv": [ 9.5, 5.25, 9.75, 5.5 ], "texture": "#texture" }
			}
		},
		{
			"from": [ 8.25, 10.5, 9.75 ],
			"to": [ 9.5, 11, 10 ],
			"faces": {
				"up": { "uv": [ 8.25, 9.75, 9.5, 10 ], "texture": "#texture" },
				"north": { "uv": [ 6.5, 5, 7.75, 5.5 ], "texture": "#texture" },
				"south": { "uv": [ 8.25, 5, 9.5, 5.5 ], "texture": "#texture" },
				"west": { "uv": [ 9.75, 5, 10, 5.5 ], "texture": "#texture" },
				"east": { "uv": [ 6, 5, 6.25, 5.5 ], "texture": "#texture" }
			}
		},
		{
			"from": [ 8.5, 8, 5.75 ],
			"to": [ 9, 10.75, 6 ],
			"faces": {
				"down": { "uv": [ 8.5, 10, 9, 10.25 ], "texture": "#texture" },
				"up": { "uv": [ 8.5, 5.75, 9, 6 ], "texture": "#texture" },
				"north": { "uv": [ 7, 5.25, 7.5, 8 ], "texture": "#texture" },
				"west": { "uv": [ 5.75, 5.25, 6, 8 ], "texture": "#texture" },
				"east": { "uv": [ 10, 5.25, 10.25, 8 ], "texture": "#texture" }
			}
		},
		{
			"from": [ 8.5, 9.75, 7.25 ],
			"to": [ 10.25, 10, 7.5 ],
			"faces": {
				"up": { "uv": [ 8.5, 7.25, 10.25, 7.5 ], "texture": "#texture" },
				"south": { "uv": [ 8.5, 6, 10.25, 6.25 ], "texture": "#texture" },
				"west": { "uv": [ 7.25, 6, 7.5, 6.25 ], "texture": "#texture" },
				"east": { "uv": [ 8.5, 6, 8.75, 6.25 ], "texture": "#texture" }
			}
		},
		{
			"from": [ 8.5, 9.75, 8.75 ],
			"to": [ 10.25, 10, 9 ],
			"faces": {
				"up": { "uv": [ 8.5, 8.75, 10.25, 9 ], "texture": "#texture" },
				"north": { "uv": [ 5.75, 6, 7.5, 6.25 ], "texture": "#texture" },
				"west": { "uv": [ 8.75, 6, 9, 6.25 ], "texture": "#texture" },
				"east": { "uv": [ 7, 6, 7.25, 6.25 ], "texture": "#texture" }
			}
		},
		{
			"from": [ 8.5, 10, 7 ],
			"to": [ 10.25, 10.25, 7.25 ],
			"faces": {
				"up": { "uv": [ 8.5, 7, 10.25, 7.25 ], "texture": "#texture" },
				"north": { "uv": [ 5.75, 5.75, 7.5, 6 ], "texture": "#texture" },
				"south": { "uv": [ 8.5, 5.75, 10.25, 6 ], "texture": "#texture" },
				"west": { "uv": [ 7, 5.75, 7.25, 6 ], "texture": "#texture" },
				"east": { "uv": [ 8.75, 5.75, 9, 6 ], "texture": "#texture" }
			}
		},
		{
			"from": [ 8.5, 10, 9.25 ],
			"to": [ 10, 10.25, 9.5 ],
			"faces": {
				"up": { "uv": [ 8.5, 9.25, 10, 9.5 ], "texture": "#texture" },
				"north": { "uv": [ 6, 5.75, 7.5, 6 ], "texture": "#texture" },
				"south": { "uv": [ 8.5, 5.75, 10, 6 ], "texture": "#texture" },
				"west": { "uv": [ 9.25, 5.75, 9.5, 6 ], "texture": "#texture" },
				"east": { "uv": [ 6.5, 5.75, 6.75, 6 ], "texture": "#texture" }
			}
		},
		{
			"from": [ 8.5, 10.75, 6.25 ],
			"to": [ 9.5, 11, 6.5 ],
			"faces": {
				"up": { "uv": [ 8.5, 6.25, 9.5, 6.5 ], "texture": "#texture" },
				"north": { "uv": [ 6.5, 5, 7.5, 5.25 ], "texture": "#texture" },
				"south": { "uv": [ 8.5, 5, 9.5, 5.25 ], "texture": "#texture" },
				"west": { "uv": [ 6.25, 5, 6.5, 5.25 ], "texture": "#texture" },
				"east": { "uv": [ 9.5, 5, 9.75, 5.25 ], "texture": "#texture" }
			}
		},
		{
			"from": [ 8.5, 11, 9.75 ],
			"to": [ 9.5, 11.5, 10 ],
			"faces": {
				"up": { "uv": [ 8.5, 9.75, 9.5, 10 ], "texture": "#texture" },
				"north": { "uv": [ 6.5, 4.5, 7.5, 5 ], "texture": "#texture" },
				"south": { "uv": [ 8.5, 4.5, 9.5, 5 ], "texture": "#texture" },
				"west": { "uv": [ 9.75, 4.5, 10, 5 ], "texture": "#texture" },
				"east": { "uv": [ 6, 4.5, 6.25, 5 ], "texture": "#texture" }
			}
		},
		{
			"from": [ 8.75, 7, 5.75 ],
			"to": [ 9, 8, 6 ],
			"faces": {
				"down": { "uv": [ 8.75, 10, 9, 10.25 ], "texture": "#texture" },
				"north": { "uv": [ 7, 8, 7.25, 9 ], "texture": "#texture" },
				"south": { "uv": [ 8.75, 8, 9, 9 ], "texture": "#texture" },
				"west": { "uv": [ 5.75, 8, 6, 9 ], "texture": "#texture" },
				"east": { "uv": [ 10, 8, 10.25, 9 ], "texture": "#texture" }
			}
		},
		{
			"from": [ 8.75, 9.75, 7.5 ],
			"to": [ 10.25, 10, 7.75 ],
			"faces": {
				"up": { "uv": [ 8.75, 7.5, 10.25, 7.75 ], "texture": "#texture" },
				"south": { "uv": [ 8.75, 6, 10.25, 6.25 ], "texture": "#texture" },
				"west": { "uv": [ 7.5, 6, 7.75, 6.25 ], "texture": "#texture" },
				"east": { "uv": [ 8.25, 6, 8.5, 6.25 ], "texture": "#texture" }
			}
		},
		{
			"from": [ 8.75, 9.75, 8.5 ],
			"to": [ 10.25, 10, 8.75 ],
			"faces": {
				"up": { "uv": [ 8.75, 8.5, 10.25, 8.75 ], "texture": "#texture" },
				"north": { "uv": [ 5.75, 6, 7.25, 6.25 ], "texture": "#texture" },
				"west": { "uv": [ 8.5, 6, 8.75, 6.25 ], "texture": "#texture" },
				"east": { "uv": [ 7.25, 6, 7.5, 6.25 ], "texture": "#texture" }
			}
		},
		{
			"from": [ 8.75, 10, 9 ],
			"to": [ 10.25, 10.25, 9.25 ],
			"faces": {
				"up": { "uv": [ 8.75, 9, 10.25, 9.25 ], "texture": "#texture" },
				"north": { "uv": [ 5.75, 5.75, 7.25, 6 ], "texture": "#texture" },
				"south": { "uv": [ 8.75, 5.75, 10.25, 6 ], "texture": "#texture" },
				"west": { "uv": [ 9, 5.75, 9.25, 6 ], "texture": "#texture" },
				"east": { "uv": [ 6.75, 5.75, 7, 6 ], "texture": "#texture" }
			}
		},
		{
			"from": [ 8.75, 10.25, 6.75 ],
			"to": [ 10, 10.5, 7 ],
			"faces": {
				"up": { "uv": [ 8.75, 6.75, 10, 7 ], "texture": "#texture" },
				"north": { "uv": [ 6, 5.5, 7.25, 5.75 ], "texture": "#texture" },
				"south": { "uv": [ 8.75, 5.5, 10, 5.75 ], "texture": "#texture" },
				"west": { "uv": [ 6.75, 5.5, 7, 5.75 ], "texture": "#texture" },
				"east": { "uv": [ 9, 5.5, 9.25, 5.75 ], "texture": "#texture" }
			}
		},
		{
			"from": [ 8.75, 10.25, 9.25 ],
			"to": [ 10, 10.75, 9.5 ],
			"faces": {
				"up": { "uv": [ 8.75, 9.25, 10, 9.5 ], "texture": "#texture" },
				"north": { "uv": [ 6, 5.25, 7.25, 5.75 ], "texture": "#texture" },
				"south": { "uv": [ 8.75, 5.25, 10, 5.75 ], "texture": "#texture" },
				"west": { "uv": [ 9.25, 5.25, 9.5, 5.75 ], "texture": "#texture" },
				"east": { "uv": [ 6.5, 5.25, 6.75, 5.75 ], "texture": "#texture" }
			}
		},
		{
			"from": [ 8.75, 10.25, 9.5 ],
			"to": [ 9.75, 11.25, 9.75 ],
			"faces": {
				"up": { "uv": [ 8.75, 9.5, 9.75, 9.75 ], "texture": "#texture" },
				"north": { "uv": [ 6.25, 4.75, 7.25, 5.75 ], "texture": "#texture" },
				"south": { "uv": [ 8.75, 4.75, 9.75, 5.75 ], "texture": "#texture" },
				"west": { "uv": [ 9.5, 4.75, 9.75, 5.75 ], "texture": "#texture" },
				"east": { "uv": [ 6.25, 4.75, 6.5, 5.75 ], "texture": "#texture" }
			}
		},
		{
			"from": [ 8.75, 10.5, 6.5 ],
			"to": [ 9.75, 10.75, 6.75 ],
			"faces": {
				"up": { "uv": [ 8.75, 6.5, 9.75, 6.75 ], "texture": "#texture" },
				"north": { "uv": [ 6.25, 5.25, 7.25, 5.5 ], "texture": "#texture" },
				"south": { "uv": [ 8.75, 5.25, 9.75, 5.5 ], "texture": "#texture" },
				"west": { "uv": [ 6.5, 5.25, 6.75, 5.5 ], "texture": "#texture" },
				"east": { "uv": [ 9.25, 5.25, 9.5, 5.5 ], "texture": "#texture" }
			}
		},
		{
			"from": [ 8.75, 10.75, 5.75 ],
			"to": [ 9, 11, 6 ],
			"faces": {
				"up": { "uv": [ 8.75, 5.75, 9, 6 ], "texture": "#texture" },
				"north": { "uv": [ 7, 5, 7.25, 5.25 ], "texture": "#texture" },
				"west": { "uv": [ 5.75, 5, 6, 5.25 ], "texture": "#texture" },
				"east": { "uv": [ 10, 5, 10.25, 5.25 ], "texture": "#texture" }
			}
		},
		{
			"from": [ 8.75, 11.5, 9.75 ],
			"to": [ 9.5, 12, 10 ],
			"faces": {
				"up": { "uv": [ 8.75, 9.75, 9.5, 10 ], "texture": "#texture" },
				"north": { "uv": [ 6.5, 4, 7.25, 4.5 ], "texture": "#texture" },
				"south": { "uv": [ 8.75, 4, 9.5, 4.5 ], "texture": "#texture" },
				"west": { "uv": [ 9.75, 4, 10, 4.5 ], "texture": "#texture" },
				"east": { "uv": [ 6, 4, 6.25, 4.5 ], "texture": "#texture" }
			}
		},
		{
			"from": [ 9, 8.5, 5.75 ],
			"to": [ 9.25, 10.5, 6 ],
			"faces": {
				"down": { "uv": [ 9, 10, 9.25, 10.25 ], "texture": "#texture" },
				"up": { "uv": [ 9, 5.75, 9.25, 6 ], "texture": "#texture" },
				"north": { "uv": [ 6.75, 5.5, 7, 7.5 ], "texture": "#texture" },
				"east": { "uv": [ 10, 5.5, 10.25, 7.5 ], "texture": "#texture" }
			}
		},
		{
			"from": [ 9, 9.75, 7.75 ],
			"to": [ 10.25, 10, 8.5 ],
			"faces": {
				"down": { "uv": [ 9, 7.5, 10.25, 8.25 ], "texture": "#texture" },
				"up": { "uv": [ 9, 7.75, 10.25, 8.5 ], "texture": "#texture" },
				"west": { "uv": [ 7.75, 6, 8.5, 6.25 ], "texture": "#texture" },
				"east": { "uv": [ 7.5, 6, 8.25, 6.25 ], "texture": "#texture" }
			}
		},
		{
			"from": [ 9, 10, 7.25 ],
			"to": [ 10.25, 10.25, 7.5 ],
			"faces": {
				"up": { "uv": [ 9, 7.25, 10.25, 7.5 ], "texture": "#texture" },
				"south": { "uv": [ 9, 5.75, 10.25, 6 ], "texture": "#texture" },
				"west": { "uv": [ 7.25, 5.75, 7.5, 6 ], "texture": "#texture" },
				"east": { "uv": [ 8.5, 5.75, 8.75, 6 ], "texture": "#texture" }
			}
		},
		{
			"from": [ 9, 10.25, 9 ],
			"to": [ 10.25, 10.75, 9.25 ],
			"faces": {
				"up": { "uv": [ 9, 9, 10.25, 9.25 ], "texture": "#texture" },
				"north": { "uv": [ 5.75, 5.25, 7, 5.75 ], "texture": "#texture" },
				"south": { "uv": [ 9, 5.25, 10.25, 5.75 ], "texture": "#texture" },
				"west": { "uv": [ 9, 5.25, 9.25, 5.75 ], "texture": "#texture" },
				"east": { "uv": [ 6.75, 5.25, 7, 5.75 ], "texture": "#texture" }
			}
		},
		{
			"from": [ 9, 10.75, 6.5 ],
			"to": [ 9.75, 11, 6.75 ],
			"faces": {
				"up": { "uv": [ 9, 6.5, 9.75, 6.75 ], "texture": "#texture" },
				"north": { "uv": [ 6.25, 5, 7, 5.25 ], "texture": "#texture" },
				"south": { "uv": [ 9, 5, 9.75, 5.25 ], "texture": "#texture" },
				"west": { "uv": [ 6.5, 5, 6.75, 5.25 ], "texture": "#texture" },
				"east": { "uv": [ 9.25, 5, 9.5, 5.25 ], "texture": "#texture" }
			}
		},
		{
			"from": [ 9, 10.75, 9.25 ],
			"to": [ 10, 11, 9.5 ],
			"faces": {
				"up": { "uv": [ 9, 9.25, 10, 9.5 ], "texture": "#texture" },
				"north": { "uv": [ 6, 5, 7, 5.25 ], "texture": "#texture" },
				"south": { "uv": [ 9, 5, 10, 5.25 ], "texture": "#texture" },
				"west": { "uv": [ 9.25, 5, 9.5, 5.25 ], "texture": "#texture" },
				"east": { "uv": [ 6.5, 5, 6.75, 5.25 ], "texture": "#texture" }
			}
		},
		{
			"from": [ 9, 11, 6.25 ],
			"to": [ 9.5, 11.25, 6.5 ],
			"faces": {
				"up": { "uv": [ 9, 6.25, 9.5, 6.5 ], "texture": "#texture" },
				"north": { "uv": [ 6.5, 4.75, 7, 5 ], "texture": "#texture" },
				"south": { "uv": [ 9, 4.75, 9.5, 5 ], "texture": "#texture" },
				"west": { "uv": [ 6.25, 4.75, 6.5, 5 ], "texture": "#texture" },
				"east": { "uv": [ 9.5, 4.75, 9.75, 5 ], "texture": "#texture" }
			}
		},
		{
			"from": [ 9, 11.25, 9.5 ],
			"to": [ 9.75, 11.5, 9.75 ],
			"faces": {
				"up": { "uv": [ 9, 9.5, 9.75, 9.75 ], "texture": "#texture" },
				"north": { "uv": [ 6.25, 4.5, 7, 4.75 ], "texture": "#texture" },
				"south": { "uv": [ 9, 4.5, 9.75, 4.75 ], "texture": "#texture" },
				"west": { "uv": [ 9.5, 4.5, 9.75, 4.75 ], "texture": "#texture" },
				"east": { "uv": [ 6.25, 4.5, 6.5, 4.75 ], "texture": "#texture" }
			}
		},
		{
			"from": [ 9.25, 8.75, 6 ],
			"to": [ 9.5, 10.25, 6.25 ],
			"faces": {
				"down": { "uv": [ 9.25, 9.75, 9.5, 10 ], "texture": "#texture" },
				"up": { "uv": [ 9.25, 6, 9.5, 6.25 ], "texture": "#texture" },
				"north": { "uv": [ 6.5, 5.75, 6.75, 7.25 ], "texture": "#texture" },
				"east": { "uv": [ 9.75, 5.75, 10, 7.25 ], "texture": "#texture" }
			}
		},
		{
			"from": [ 9.25, 9, 5.75 ],
			"to": [ 9.5, 9.75, 6 ],
			"faces": {
				"down": { "uv": [ 9.25, 10, 9.5, 10.25 ], "texture": "#texture" },
				"up": { "uv": [ 9.25, 5.75, 9.5, 6 ], "texture": "#texture" },
				"north": { "uv": [ 6.5, 6.25, 6.75, 7 ], "texture": "#texture" },
				"east": { "uv": [ 10, 6.25, 10.25, 7 ], "texture": "#texture" }
			}
		},
		{
			"from": [ 9.25, 10, 7.5 ],
			"to": [ 10.25, 10.25, 7.75 ],
			"faces": {
				"up": { "uv": [ 9.25, 7.5, 10.25, 7.75 ], "texture": "#texture" },
				"south": { "uv": [ 9.25, 5.75, 10.25, 6 ], "texture": "#texture" },
				"west": { "uv": [ 7.5, 5.75, 7.75, 6 ], "texture": "#texture" },
				"east": { "uv": [ 8.25, 5.75, 8.5, 6 ], "texture": "#texture" }
			}
		},
		{
			"from": [ 9.25, 10, 8.5 ],
			"to": [ 10.25, 10.25, 9 ],
			"faces": {
				"down": { "uv": [ 9.25, 7, 10.25, 7.5 ], "texture": "#texture" },
				"up": { "uv": [ 9.25, 8.5, 10.25, 9 ], "texture": "#texture" },
				"north": { "uv": [ 5.75, 5.75, 6.75, 6 ], "texture": "#texture" },
				"west": { "uv": [ 8.5, 5.75, 9, 6 ], "texture": "#texture" },
				"east": { "uv": [ 7, 5.75, 7.5, 6 ], "texture": "#texture" }
			}
		},
		{
			"from": [ 9.25, 10.25, 7 ],
			"to": [ 10.25, 10.75, 7.25 ],
			"faces": {
				"up": { "uv": [ 9.25, 7, 10.25, 7.25 ], "texture": "#texture" },
				"north": { "uv": [ 5.75, 5.25, 6.75, 5.75 ], "texture": "#texture" },
				"south": { "uv": [ 9.25, 5.25, 10.25, 5.75 ], "texture": "#texture" },
				"west": { "uv": [ 7, 5.25, 7.25, 5.75 ], "texture": "#texture" },
				"east": { "uv": [ 8.75, 5.25, 9, 5.75 ], "texture": "#texture" }
			}
		},
		{
			"from": [ 9.25, 10.5, 6.75 ],
			"to": [ 10, 11.25, 7 ],
			"faces": {
				"up": { "uv": [ 9.25, 6.75, 10, 7 ], "texture": "#texture" },
				"north": { "uv": [ 6, 4.75, 6.75, 5.5 ], "texture": "#texture" },
				"south": { "uv": [ 9.25, 4.75, 10, 5.5 ], "texture": "#texture" },
				"west": { "uv": [ 6.75, 4.75, 7, 5.5 ], "texture": "#texture" },
				"east": { "uv": [ 9, 4.75, 9.25, 5.5 ], "texture": "#texture" }
			}
		},
		{
			"from": [ 9.25, 10.75, 7 ],
			"to": [ 10, 11, 7.25 ],
			"faces": {
				"up": { "uv": [ 9.25, 7, 10, 7.25 ], "texture": "#texture" },
				"south": { "uv": [ 9.25, 5, 10, 5.25 ], "texture": "#texture" },
				"west": { "uv": [ 7, 5, 7.25, 5.25 ], "texture": "#texture" },
				"east": { "uv": [ 8.75, 5, 9, 5.25 ], "texture": "#texture" }
			}
		},
		{
			"from": [ 9.25, 10.75, 9 ],
			"to": [ 10.25, 11, 9.25 ],
			"faces": {
				"up": { "uv": [ 9.25, 9, 10.25, 9.25 ], "texture": "#texture" },
				"north": { "uv": [ 5.75, 5, 6.75, 5.25 ], "texture": "#texture" },
				"south": { "uv": [ 9.25, 5, 10.25, 5.25 ], "texture": "#texture" },
				"west": { "uv": [ 9, 5, 9.25, 5.25 ], "texture": "#texture" },
				"east": { "uv": [ 6.75, 5, 7, 5.25 ], "texture": "#texture" }
			}
		},
		{
			"from": [ 9.25, 11, 6.5 ],
			"to": [ 9.75, 11.25, 6.75 ],
			"faces": {
				"up": { "uv": [ 9.25, 6.5, 9.75, 6.75 ], "texture": "#texture" },
				"north": { "uv": [ 6.25, 4.75, 6.75, 5 ], "texture": "#texture" },
				"west": { "uv": [ 6.5, 4.75, 6.75, 5 ], "texture": "#texture" },
				"east": { "uv": [ 9.25, 4.75, 9.5, 5 ], "texture": "#texture" }
			}
		},
		{
			"from": [ 9.25, 11, 9.25 ],
			"to": [ 10, 11.75, 9.5 ],
			"faces": {
				"up": { "uv": [ 9.25, 9.25, 10, 9.5 ], "texture": "#texture" },
				"north": { "uv": [ 6, 4.25, 6.75, 5 ], "texture": "#texture" },
				"south": { "uv": [ 9.25, 4.25, 10, 5 ], "texture": "#texture" },
				"west": { "uv": [ 9.25, 4.25, 9.5, 5 ], "texture": "#texture" },
				"east": { "uv": [ 6.5, 4.25, 6.75, 5 ], "texture": "#texture" }
			}
		},
		{
			"from": [ 9.25, 11.5, 9.5 ],
			"to": [ 9.75, 12, 9.75 ],
			"faces": {
				"up": { "uv": [ 9.25, 9.5, 9.75, 9.75 ], "texture": "#texture" },
				"north": { "uv": [ 6.25, 4, 6.75, 4.5 ], "texture": "#texture" },
				"south": { "uv": [ 9.25, 4, 9.75, 4.5 ], "texture": "#texture" },
				"west": { "uv": [ 9.5, 4, 9.75, 4.5 ], "texture": "#texture" },
				"east": { "uv": [ 6.25, 4, 6.5, 4.5 ], "texture": "#texture" }
			}
		},
		{
			"from": [ 9.5, 10, 7.75 ],
			"to": [ 10.25, 10.25, 8.5 ],
			"faces": {
				"up": { "uv": [ 9.5, 7.75, 10.25, 8.5 ], "texture": "#texture" },
				"west": { "uv": [ 7.75, 5.75, 8.5, 6 ], "texture": "#texture" },
				"east": { "uv": [ 7.5, 5.75, 8.25, 6 ], "texture": "#texture" }
			}
		},
		{
			"from": [ 9.5, 10.25, 7.25 ],
			"to": [ 10.25, 10.75, 7.5 ],
			"faces": {
				"up": { "uv": [ 9.5, 7.25, 10.25, 7.5 ], "texture": "#texture" },
				"south": { "uv": [ 9.5, 5.25, 10.25, 5.75 ], "texture": "#texture" },
				"west": { "uv": [ 7.25, 5.25, 7.5, 5.75 ], "texture": "#texture" },
				"east": { "uv": [ 8.5, 5.25, 8.75, 5.75 ], "texture": "#texture" }
			}
		},
		{
			"from": [ 9.5, 10.25, 8.5 ],
			"to": [ 10.25, 10.75, 9 ],
			"faces": {
				"up": { "uv": [ 9.5, 8.5, 10.25, 9 ], "texture": "#texture" },
				"north": { "uv": [ 5.75, 5.25, 6.5, 5.75 ], "texture": "#texture" },
				"west": { "uv": [ 8.5, 5.25, 9, 5.75 ], "texture": "#texture" },
				"east": { "uv": [ 7, 5.25, 7.5, 5.75 ], "texture": "#texture" }
			}
		},
		{
			"from": [ 9.5, 10.75, 8.75 ],
			"to": [ 10.25, 11, 9 ],
			"faces": {
				"up": { "uv": [ 9.5, 8.75, 10.25, 9 ], "texture": "#texture" },
				"north": { "uv": [ 5.75, 5, 6.5, 5.25 ], "texture": "#texture" },
				"west": { "uv": [ 8.75, 5, 9, 5.25 ], "texture": "#texture" },
				"east": { "uv": [ 7, 5, 7.25, 5.25 ], "texture": "#texture" }
			}
		},
		{
			"from": [ 9.5, 11, 7 ],
			"to": [ 10, 11.25, 7.25 ],
			"faces": {
				"up": { "uv": [ 9.5, 7, 10, 7.25 ], "texture": "#texture" },
				"south": { "uv": [ 9.5, 4.75, 10, 5 ], "texture": "#texture" },
				"west": { "uv": [ 7, 4.75, 7.25, 5 ], "texture": "#texture" },
				"east": { "uv": [ 8.75, 4.75, 9, 5 ], "texture": "#texture" }
			}
		},
		{
			"from": [ 9.5, 11, 9 ],
			"to": [ 10.25, 11.25, 9.25 ],
			"faces": {
				"up": { "uv": [ 9.5, 9, 10.25, 9.25 ], "texture": "#texture" },
				"north": { "uv": [ 5.75, 4.75, 6.5, 5 ], "texture": "#texture" },
				"south": { "uv": [ 9.5, 4.75, 10.25, 5 ], "texture": "#texture" },
				"west": { "uv": [ 9, 4.75, 9.25, 5 ], "texture": "#texture" },
				"east": { "uv": [ 6.75, 4.75, 7, 5 ], "texture": "#texture" }
			}
		},
		{
			"from": [ 9.5, 11.25, 6.5 ],
			"to": [ 9.75, 11.5, 7 ],
			"faces": {
				"down": { "uv": [ 9.5, 9, 9.75, 9.5 ], "texture": "#texture" },
				"up": { "uv": [ 9.5, 6.5, 9.75, 7 ], "texture": "#texture" },
				"north": { "uv": [ 6.25, 4.5, 6.5, 4.75 ], "texture": "#texture" },
				"south": { "uv": [ 9.5, 4.5, 9.75, 4.75 ], "texture": "#texture" },
				"west": { "uv": [ 6.5, 4.5, 7, 4.75 ], "texture": "#texture" },
				"east": { "uv": [ 9, 4.5, 9.5, 4.75 ], "texture": "#texture" }
			}
		},
		{
			"from": [ 9.5, 11.25, 9 ],
			"to": [ 10, 11.5, 9.25 ],
			"faces": {
				"up": { "uv": [ 9.5, 9, 10, 9.25 ], "texture": "#texture" },
				"north": { "uv": [ 6, 4.5, 6.5, 4.75 ], "texture": "#texture" },
				"west": { "uv": [ 9, 4.5, 9.25, 4.75 ], "texture": "#texture" },
				"east": { "uv": [ 6.75, 4.5, 7, 4.75 ], "texture": "#texture" }
			}
		},
		{
			"from": [ 9.5, 11.75, 9.25 ],
			"to": [ 10, 12, 9.5 ],
			"faces": {
				"up": { "uv": [ 9.5, 9.25, 10, 9.5 ], "texture": "#texture" },
				"north": { "uv": [ 6, 4, 6.5, 4.25 ], "texture": "#texture" },
				"south": { "uv": [ 9.5, 4, 10, 4.25 ], "texture": "#texture" },
				"west": { "uv": [ 9.25, 4, 9.5, 4.25 ], "texture": "#texture" },
				"east": { "uv": [ 6.5, 4, 6.75, 4.25 ], "texture": "#texture" }
			}
		},
		{
			"from": [ 9.75, 10.25, 7.5 ],
			"to": [ 10.25, 11.5, 7.75 ],
			"faces": {
				"up": { "uv": [ 9.75, 7.5, 10.25, 7.75 ], "texture": "#texture" },
				"north": { "uv": [ 5.75, 4.5, 6.25, 5.75 ], "texture": "#texture" },
				"south": { "uv": [ 9.75, 4.5, 10.25, 5.75 ], "texture": "#texture" },
				"west": { "uv": [ 7.5, 4.5, 7.75, 5.75 ], "texture": "#texture" },
				"east": { "uv": [ 8.25, 4.5, 8.5, 5.75 ], "texture": "#texture" }
			}
		},
		{
			"from": [ 9.75, 10.25, 7.75 ],
			"to": [ 10.25, 11, 8 ],
			"faces": {
				"up": { "uv": [ 9.75, 7.75, 10.25, 8 ], "texture": "#texture" },
				"south": { "uv": [ 9.75, 5, 10.25, 5.75 ], "texture": "#texture" },
				"west": { "uv": [ 7.75, 5, 8, 5.75 ], "texture": "#texture" },
				"east": { "uv": [ 8, 5, 8.25, 5.75 ], "texture": "#texture" }
			}
		},
		{
			"from": [ 9.75, 10.25, 8 ],
			"to": [ 10.25, 10.5, 8.5 ],
			"faces": {
				"up": { "uv": [ 9.75, 8, 10.25, 8.5 ], "texture": "#texture" },
				"west": { "uv": [ 8, 5.5, 8.5, 5.75 ], "texture": "#texture" },
				"east": { "uv": [ 7.5, 5.5, 8, 5.75 ], "texture": "#texture" }
			}
		},
		{
			"from": [ 9.75, 10.5, 8.25 ],
			"to": [ 10.25, 11.25, 8.5 ],
			"faces": {
				"up": { "uv": [ 9.75, 8.25, 10.25, 8.5 ], "texture": "#texture" },
				"north": { "uv": [ 5.75, 4.75, 6.25, 5.5 ], "texture": "#texture" },
				"south": { "uv": [ 9.75, 4.75, 10.25, 5.5 ], "texture": "#texture" },
				"west": { "uv": [ 8.25, 4.75, 8.5, 5.5 ], "texture": "#texture" },
				"east": { "uv": [ 7.5, 4.75, 7.75, 5.5 ], "texture": "#texture" }
			}
		},
		{
			"from": [ 9.75, 10.75, 7.25 ],
			"to": [ 10.25, 11.75, 7.5 ],
			"faces": {
				"up": { "uv": [ 9.75, 7.25, 10.25, 7.5 ], "texture": "#texture" },
				"north": { "uv": [ 5.75, 4.25, 6.25, 5.25 ], "texture": "#texture" },
				"south": { "uv": [ 9.75, 4.25, 10.25, 5.25 ], "texture": "#texture" },
				"west": { "uv": [ 7.25, 4.25, 7.5, 5.25 ], "texture": "#texture" },
				"east": { "uv": [ 8.5, 4.25, 8.75, 5.25 ], "texture": "#texture" }
			}
		},
		{
			"from": [ 9.75, 10.75, 8.5 ],
			"to": [ 10.25, 11.75, 8.75 ],
			"faces": {
				"up": { "uv": [ 9.75, 8.5, 10.25, 8.75 ], "texture": "#texture" },
				"north": { "uv": [ 5.75, 4.25, 6.25, 5.25 ], "texture": "#texture" },
				"south": { "uv": [ 9.75, 4.25, 10.25, 5.25 ], "texture": "#texture" },
				"west": { "uv": [ 8.5, 4.25, 8.75, 5.25 ], "texture": "#texture" },
				"east": { "uv": [ 7.25, 4.25, 7.5, 5.25 ], "texture": "#texture" }
			}
		},
		{
			"from": [ 9.75, 11, 8.75 ],
			"to": [ 10.25, 12, 9 ],
			"faces": {
				"up": { "uv": [ 9.75, 8.75, 10.25, 9 ], "texture": "#texture" },
				"north": { "uv": [ 5.75, 4, 6.25, 5 ], "texture": "#texture" },
				"south": { "uv": [ 9.75, 4, 10.25, 5 ], "texture": "#texture" },
				"west": { "uv": [ 8.75, 4, 9, 5 ], "texture": "#texture" },
				"east": { "uv": [ 7, 4, 7.25, 5 ], "texture": "#texture" }
			}
		},
		{
			"from": [ 9.75, 11.25, 6.75 ],
			"to": [ 10, 11.5, 7.25 ],
			"faces": {
				"down": { "uv": [ 9.75, 8.75, 10, 9.25 ], "texture": "#texture" },
				"up": { "uv": [ 9.75, 6.75, 10, 7.25 ], "texture": "#texture" },
				"north": { "uv": [ 6, 4.5, 6.25, 4.75 ], "texture": "#texture" },
				"west": { "uv": [ 6.75, 4.5, 7.25, 4.75 ], "texture": "#texture" },
				"east": { "uv": [ 8.75, 4.5, 9.25, 4.75 ], "texture": "#texture" }
			}
		},
		{
			"from": [ 9.75, 11.5, 7 ],
			"to": [ 10, 11.75, 7.25 ],
			"faces": {
				"up": { "uv": [ 9.75, 7, 10, 7.25 ], "texture": "#texture" },
				"north": { "uv": [ 6, 4.25, 6.25, 4.5 ], "texture": "#texture" },
				"west": { "uv": [ 7, 4.25, 7.25, 4.5 ], "texture": "#texture" },
				"east": { "uv": [ 8.75, 4.25, 9, 4.5 ], "texture": "#texture" }
			}
		},
		{
			"from": [ 9.75, 11.5, 9 ],
			"to": [ 10, 12, 9.25 ],
			"faces": {
				"up": { "uv": [ 9.75, 9, 10, 9.25 ], "texture": "#texture" },
				"south": { "uv": [ 9.75, 4, 10, 4.5 ], "texture": "#texture" },
				"west": { "uv": [ 9, 4, 9.25, 4.5 ], "texture": "#texture" },
				"east": { "uv": [ 6.75, 4, 7, 4.5 ], "texture": "#texture" }
			}
		},
		{
			"from": [ 10, 7.25, 9 ],
			"to": [ 10.25, 7.75, 9.25 ],
			"faces": {
				"down": { "uv": [ 10, 6.75, 10.25, 7 ], "texture": "#texture" },
				"south": { "uv": [ 10, 8.25, 10.25, 8.75 ], "texture": "#texture" },
				"east": { "uv": [ 6.75, 8.25, 7, 8.75 ], "texture": "#texture" }
			}
		},
		{
			"from": [ 10, 8, 7 ],
			"to": [ 10.25, 8.75, 7.25 ],
			"faces": {
				"down": { "uv": [ 10, 8.75, 10.25, 9 ], "texture": "#texture" },
				"north": { "uv": [ 5.75, 7.25, 6, 8 ], "texture": "#texture" },
				"east": { "uv": [ 8.75, 7.25, 9, 8 ], "texture": "#texture" }
			}
		},
		{
			"from": [ 10, 10.5, 8 ],
			"to": [ 10.25, 12, 8.25 ],
			"faces": {
				"up": { "uv": [ 10, 8, 10.25, 8.25 ], "texture": "#texture" },
				"north": { "uv": [ 5.75, 4, 6, 5.5 ], "texture": "#texture" },
				"south": { "uv": [ 10, 4, 10.25, 5.5 ], "texture": "#texture" },
				"west": { "uv": [ 8, 4, 8.25, 5.5 ], "texture": "#texture" },
				"east": { "uv": [ 7.75, 4, 8, 5.5 ], "texture": "#texture" }
			}
		},
		{
			"from": [ 10, 11, 7.75 ],
			"to": [ 10.25, 11.75, 8 ],
			"faces": {
				"up": { "uv": [ 10, 7.75, 10.25, 8 ], "texture": "#texture" },
				"north": { "uv": [ 5.75, 4.25, 6, 5 ], "texture": "#texture" },
				"west": { "uv": [ 7.75, 4.25, 8, 5 ], "texture": "#texture" },
				"east": { "uv": [ 8, 4.25, 8.25, 5 ], "texture": "#texture" }
			}
		},
		{
			"from": [ 10, 11.25, 8.25 ],
			"to": [ 10.25, 12, 8.5 ],
			"faces": {
				"up": { "uv": [ 10, 8.25, 10.25, 8.5 ], "texture": "#texture" },
				"south": { "uv": [ 10, 4, 10.25, 4.75 ], "texture": "#texture" },
				"west": { "uv": [ 8.25, 4, 8.5, 4.75 ], "texture": "#texture" },
				"east": { "uv": [ 7.5, 4, 7.75, 4.75 ], "texture": "#texture" }
			}
		},
		{
			"from": [ 10, 11.5, 7.5 ],
			"to": [ 10.25, 11.75, 7.75 ],
			"faces": {
				"up": { "uv": [ 10, 7.5, 10.25, 7.75 ], "texture": "#texture" },
				"west": { "uv": [ 7.5, 4.25, 7.75, 4.5 ], "texture": "#texture" },
				"east": { "uv": [ 8.25, 4.25, 8.5, 4.5 ], "texture": "#texture" }
			}
		},
		{
			"from": [ 10, 11.75, 8.5 ],
			"to": [ 10.25, 12, 8.75 ],
			"faces": {
				"up": { "uv": [ 10, 8.5, 10.25, 8.75 ], "texture": "#texture" },
				"west": { "uv": [ 8.5, 4, 8.75, 4.25 ], "texture": "#texture" },
				"east": { "uv": [ 7.25, 4, 7.5, 4.25 ], "texture": "#texture" }
			}
		},
		{
			"from": [ 8, 9.75, 8 ],
			"to": [ 8.25, 11.75, 8.25 ],
			"faces": {
				"up": { "uv": [ 0, 0, 0.25, 0.25 ], "texture": "#particle" },
				"north": { "uv": [ 0, 0, 0.25, 1.75 ], "texture": "#particle" },
				"south": { "uv": [ 0, 0, 0.25, 1.75 ], "texture": "#particle" },
				"west": { "uv": [ 0, 0, 0.25, 1.75 ], "texture": "#particle" },
				"east": { "uv": [ 0, 0, 0.25, 1.75 ], "texture": "#particle" }
			}
		},
		{
			"from": [ 8.25, 10.5, 8 ],
			"to": [ 8.5, 11, 8.25 ],
			"faces": {
				"down": { "uv": [ 0.75, 15.75, 1, 16 ], "texture": "#particle" },
				"north": { "uv": [ 0.75, 15.5, 1, 16 ], "texture": "#particle" },
				"south": { "uv": [ 0.75, 15.5, 1, 16 ], "texture": "#particle" },
				"east": { "uv": [ 0.75, 15.5, 1, 16 ], "texture": "#particle" }
			}
		},
		{
			"from": [ 8, 10.5, 8.25 ],
			"to": [ 8.25, 11, 8.5 ],
			"faces": {
				"down": { "uv": [ 0.25, 15.75, 0.5, 16 ], "texture": "#particle" },
				"south": { "uv": [ 0.25, 15.5, 0.5, 16 ], "texture": "#particle" },
				"west": { "uv": [ 0.25, 15.5, 0.5, 16 ], "texture": "#particle" },
				"east": { "uv": [ 0.25, 15.5, 0.5, 16 ], "texture": "#particle" }
			}
		},
		{
			"from": [ 7.75, 10.5, 8 ],
			"to": [ 8, 11, 8.25 ],
			"faces": {
				"down": { "uv": [ 0.5, 15.75, 0.75, 16 ], "texture": "#particle" },
				"north": { "uv": [ 0.5, 15.5, 0.75, 16 ], "texture": "#particle" },
				"south": { "uv": [ 0.5, 15.5, 0.75, 16 ], "texture": "#particle" },
				"west": { "uv": [ 0.5, 15.5, 0.75, 16 ], "texture": "#particle" }
			}
		},
		{
			"from": [ 8, 10.5, 7.75 ],
			"to": [ 8.25, 11, 8 ],
			"faces": {
				"down": { "uv": [ 0, 15.75, 0.25, 16 ], "texture": "#particle" },
				"north": { "uv": [ 0, 15.5, 0.25, 16 ], "texture": "#particle" },
				"west": { "uv": [ 0, 15.5, 0.25, 16 ], "texture": "#particle" },
				"east": { "uv": [ 0, 15.5, 0.25, 16 ], "texture": "#particle" }
			}
		},
		{
			"from": [ 8, 11, 7.75 ],
			"to": [ 8.25, 11.25, 8 ],
			"faces": {
				"north": { "uv": [ 0, 15.25, 0.25, 15.5 ], "texture": "#particle" }
			}
		},
		{
			"from": [ 8, 11, 7.75 ],
			"to": [ 8.25, 11.25, 8 ],
			"faces": {
				"north": { "uv": [ 0.25, 15.25, 0.5, 15.5 ], "texture": "#particle" },
				"west": { "uv": [ 0.25, 15.25, 0.5, 15.5 ], "texture": "#particle" }
			}
		},
		{
			"from": [ 7.75, 11, 7.75 ],
			"to": [ 8, 11.25, 8 ],
			"faces": {
				"down": { "uv": [ 0.5, 15.25, 0.75, 15.5 ], "texture": "#particle" },
				"north": { "uv": [ 0.5, 15.25, 0.75, 15.5 ], "texture": "#particle" },
				"west": { "uv": [ 0.5, 15.25, 0.75, 15.5 ], "texture": "#particle" }
			}
		},
		{
			"from": [ 8.25, 11, 7.75 ],
			"to": [ 8.5, 11.25, 8 ],
			"faces": {
				"down": { "uv": [ 0.75, 15.25, 1, 15.5 ], "texture": "#particle" },
				"north": { "uv": [ 0.75, 15.25, 1, 15.5 ], "texture": "#particle" },
				"east": { "uv": [ 0.75, 15.25, 1, 15.5 ], "texture": "#particle" }
			}
		},
		{
			"from": [ 8.25, 11, 8 ],
			"to": [ 8.5, 11.25, 8.25 ],
			"faces": {
				"east": { "uv": [ 1, 15.75, 1.25, 16 ], "texture": "#particle" }
			}
		},
		{
			"from": [ 8.25, 11, 8 ],
			"to": [ 8.5, 11.25, 8.25 ],
			"faces": {
				"south": { "uv": [ 1.25, 15.75, 1.5, 16 ], "texture": "#particle" },
				"east": { "uv": [ 1.25, 15.75, 1.5, 16 ], "texture": "#particle" }
			}
		},
		{
			"from": [ 8.25, 11, 8.25 ],
			"to": [ 8.5, 11.25, 8.5 ],
			"faces": {
				"down": { "uv": [ 1.5, 15.75, 1.75, 16 ], "texture": "#particle" },
				"south": { "uv": [ 1.5, 15.75, 1.75, 16 ], "texture": "#particle" },
				"east": { "uv": [ 1.5, 15.75, 1.75, 16 ], "texture": "#particle" }
			}
		},
		{
			"from": [ 8, 11, 8.25 ],
			"to": [ 8.25, 11.25, 8.5 ],
			"faces": {
				"south": { "uv": [ 1.75, 15.75, 2, 16 ], "texture": "#particle" }
			}
		},
		{
			"from": [ 8, 11, 8.25 ],
			"to": [ 8.25, 11.25, 8.5 ],
			"faces": {
				"south": { "uv": [ 2, 15.75, 2.25, 16 ], "texture": "#particle" },
				"east": { "uv": [ 2, 15.75, 2.25, 16 ], "texture": "#particle" }
			}
		},
		{
			"from": [ 7.75, 11, 8.25 ],
			"to": [ 8, 11.25, 8.5 ],
			"faces": {
				"down": { "uv": [ 2.25, 15.75, 2.5, 16 ], "texture": "#particle" },
				"south": { "uv": [ 2.25, 15.75, 2.5, 16 ], "texture": "#particle" },
				"west": { "uv": [ 2.25, 15.75, 2.5, 16 ], "texture": "#particle" }
			}
		},
		{
			"from": [ 7.75, 11, 8 ],
			"to": [ 8, 11.25, 8.25 ],
			"faces": {
				"north": { "uv": [ 2.5, 15.75, 2.75, 16 ], "texture": "#particle" },
				"west": { "uv": [ 2.5, 15.75, 2.75, 16 ], "texture": "#particle" }
			}
		},
		{
			"from": [ 7.75, 11, 8 ],
			"to": [ 8, 11.25, 8.25 ],
			"faces": {
				"west": { "uv": [ 2.75, 15.75, 3, 16 ], "texture": "#particle" }
			}
		},
		{
			"from": [ 8, 11.25, 7.5 ],
			"to": [ 8.25, 11.5, 7.75 ],
			"faces": {
				"down": { "uv": [ 3, 15.75, 3.25, 16 ], "texture": "#particle" },
				"north": { "uv": [ 3, 15.75, 3.25, 16 ], "texture": "#particle" },
				"west": { "uv": [ 3, 15.75, 3.25, 16 ], "texture": "#particle" },
				"east": { "uv": [ 3, 15.75, 3.25, 16 ], "texture": "#particle" }
			}
		},
		{
			"from": [ 8.25, 11.25, 7.75 ],
			"to": [ 8.5, 11.5, 8 ],
			"faces": {
				"north": { "uv": [ 3.25, 15.75, 3.5, 16 ], "texture": "#particle" },
				"east": { "uv": [ 3.25, 15.75, 3.5, 16 ], "texture": "#particle" }
			}
		},
		{
			"from": [ 8.5, 11.25, 8 ],
			"to": [ 8.75, 11.5, 8.25 ],
			"faces": {
				"down": { "uv": [ 3.5, 15.75, 3.75, 16 ], "texture": "#particle" },
				"north": { "uv": [ 3.5, 15.75, 3.75, 16 ], "texture": "#particle" },
				"south": { "uv": [ 3.5, 15.75, 3.75, 16 ], "texture": "#particle" },
				"east": { "uv": [ 3.5, 15.75, 3.75, 16 ], "texture": "#particle" }
			}
		},
		{
			"from": [ 8.25, 11.25, 8.25 ],
			"to": [ 8.5, 11.5, 8.5 ],
			"faces": {
				"down": { "uv": [ 3.75, 15.75, 4, 16 ], "texture": "#particle" },
				"south": { "uv": [ 3.75, 15.75, 4, 16 ], "texture": "#particle" },
				"east": { "uv": [ 3.75, 15.75, 4, 16 ], "texture": "#particle" }
			}
		},
		{
			"from": [ 8.25, 11.25, 8.25 ],
			"to": [ 8.5, 11.5, 8.5 ],
			"faces": {
				"south": { "uv": [ 4, 15.75, 4.25, 16 ], "texture": "#particle" },
				"east": { "uv": [ 4, 15.75, 4.25, 16 ], "texture": "#particle" }
			}
		},
		{
			"from": [ 8, 11.25, 8.5 ],
			"to": [ 8.25, 11.5, 8.75 ],
			"faces": {
				"down": { "uv": [ 4.25, 15.75, 4.5, 16 ], "texture": "#particle" },
				"south": { "uv": [ 4.25, 15.75, 4.5, 16 ], "texture": "#particle" },
				"west": { "uv": [ 4.25, 15.75, 4.5, 16 ], "texture": "#particle" },
				"east": { "uv": [ 4.25, 15.75, 4.5, 16 ], "texture": "#particle" }
			}
		},
		{
			"from": [ 7.75, 11.25, 8.25 ],
			"to": [ 8, 11.5, 8.5 ],
			"faces": {
				"south": { "uv": [ 4.5, 15.75, 4.75, 16 ], "texture": "#particle" },
				"west": { "uv": [ 4.5, 15.75, 4.75, 16 ], "texture": "#particle" }
			}
		},
		{
			"from": [ 7.75, 11.25, 7.75 ],
			"to": [ 8, 11.5, 8 ],
			"faces": {
				"down": { "uv": [ 4.75, 15.75, 5, 16 ], "texture": "#particle" },
				"north": { "uv": [ 4.75, 15.75, 5, 16 ], "texture": "#particle" },
				"west": { "uv": [ 4.75, 15.75, 5, 16 ], "texture": "#particle" }
			}
		},
		{
			"from": [ 7.75, 11.25, 7.75 ],
			"to": [ 8, 11.5, 8 ],
			"faces": {
				"north": { "uv": [ 5, 15.75, 5.25, 16 ], "texture": "#particle" },
				"west": { "uv": [ 5, 15.75, 5.25, 16 ], "texture": "#particle" }
			}
		},
		{
			"from": [ 7.5, 11.25, 8 ],
			"to": [ 7.75, 11.5, 8.25 ],
			"faces": {
				"down": { "uv": [ 5.25, 15.75, 5.5, 16 ], "texture": "#particle" },
				"north": { "uv": [ 5.25, 15.75, 5.5, 16 ], "texture": "#particle" },
				"south": { "uv": [ 5.25, 15.75, 5.5, 16 ], "texture": "#particle" },
				"west": { "uv": [ 5.25, 15.75, 5.5, 16 ], "texture": "#particle" }
			}
		},
		{
			"from": [ 8, 11.5, 7.5 ],
			"to": [ 8.25, 11.75, 7.75 ],
			"faces": {
				"north": { "uv": [ 5.5, 15.75, 5.75, 16 ], "texture": "#particle" },
				"west": { "uv": [ 5.5, 15.75, 5.75, 16 ], "texture": "#particle" },
				"east": { "uv": [ 5.5, 15.75, 5.75, 16 ], "texture": "#particle" }
			}
		},
		{
			"from": [ 8, 11.5, 7.5 ],
			"to": [ 8.25, 11.75, 7.75 ],
			"faces": {
				"up": { "uv": [ 5.75, 15.75, 6, 16 ], "texture": "#particle" },
				"north": { "uv": [ 5.75, 15.75, 6, 16 ], "texture": "#particle" },
				"west": { "uv": [ 5.75, 15.75, 6, 16 ], "texture": "#particle" },
				"east": { "uv": [ 5.75, 15.75, 6, 16 ], "texture": "#particle" }
			}
		},
		{
			"from": [ 8.25, 11.5, 7.75 ],
			"to": [ 8.5, 11.75, 8 ],
			"faces": {
				"north": { "uv": [ 6, 15.75, 6.25, 16 ], "texture": "#particle" },
				"east": { "uv": [ 6, 15.75, 6.25, 16 ], "texture": "#particle" }
			}
		},
		{
			"from": [ 8.5, 11.5, 8 ],
			"to": [ 8.75, 11.75, 8.25 ],
			"faces": {
				"north": { "uv": [ 6.25, 15.75, 6.5, 16 ], "texture": "#particle" },
				"south": { "uv": [ 6.25, 15.75, 6.5, 16 ], "texture": "#particle" },
				"east": { "uv": [ 6.25, 15.75, 6.5, 16 ], "texture": "#particle" }
			}
		},
		{
			"from": [ 8.25, 11.5, 8.25 ],
			"to": [ 8.5, 11.75, 8.5 ],
			"faces": {
				"up": { "uv": [ 6.5, 15.75, 6.75, 16 ], "texture": "#particle" },
				"south": { "uv": [ 6.5, 15.75, 6.75, 16 ], "texture": "#particle" },
				"east": { "uv": [ 6.5, 15.75, 6.75, 16 ], "texture": "#particle" }
			}
		},
		{
			"from": [ 8.25, 11.5, 8.25 ],
			"to": [ 8.5, 11.75, 8.5 ],
			"faces": {
				"south": { "uv": [ 6.75, 15.75, 7, 16 ], "texture": "#particle" },
				"east": { "uv": [ 6.75, 15.75, 7, 16 ], "texture": "#particle" }
			}
		},
		{
			"from": [ 8, 11.5, 8.5 ],
			"to": [ 8.25, 11.75, 8.75 ],
			"faces": {
				"south": { "uv": [ 7, 15.75, 7.25, 16 ], "texture": "#particle" },
				"west": { "uv": [ 7, 15.75, 7.25, 16 ], "texture": "#particle" },
				"east": { "uv": [ 7, 15.75, 7.25, 16 ], "texture": "#particle" }
			}
		},
		{
			"from": [ 8, 11.5, 8.5 ],
			"to": [ 8.25, 11.75, 8.75 ],
			"faces": {
				"up": { "uv": [ 7.25, 15.75, 7.5, 16 ], "texture": "#particle" },
				"south": { "uv": [ 7.25, 15.75, 7.5, 16 ], "texture": "#particle" },
				"west": { "uv": [ 7.25, 15.75, 7.5, 16 ], "texture": "#particle" },
				"east": { "uv": [ 7.25, 15.75, 7.5, 16 ], "texture": "#particle" }
			}
		},
		{
			"from": [ 7.75, 11.5, 8.25 ],
			"to": [ 8, 11.75, 8.5 ],
			"faces": {
				"south": { "uv": [ 7.5, 15.75, 7.75, 16 ], "texture": "#particle" },
				"west": { "uv": [ 7.5, 15.75, 7.75, 16 ], "texture": "#particle" }
			}
		},
		{
			"from": [ 7.5, 11.5, 8 ],
			"to": [ 7.75, 11.75, 8.25 ],
			"faces": {
				"north": { "uv": [ 7.75, 15.75, 8, 16 ], "texture": "#particle" },
				"south": { "uv": [ 7.75, 15.75, 8, 16 ], "texture": "#particle" },
				"west": { "uv": [ 7.75, 15.75, 8, 16 ], "texture": "#particle" }
			}
		},
		{
			"from": [ 7.75, 11.5, 7.75 ],
			"to": [ 8, 11.75, 8 ],
			"faces": {
				"north": { "uv": [ 8, 15.75, 8.25, 16 ], "texture": "#particle" },
				"west": { "uv": [ 8, 15.75, 8.25, 16 ], "texture": "#particle" }
			}
		},
		{
			"from": [ 7.75, 11.5, 7.75 ],
			"to": [ 8, 11.75, 8 ],
			"faces": {
				"up": { "uv": [ 8.25, 15.75, 8.5, 16 ], "texture": "#particle" },
				"north": { "uv": [ 8.25, 15.75, 8.5, 16 ], "texture": "#particle" },
				"west": { "uv": [ 8.25, 15.75, 8.5, 16 ], "texture": "#particle" }
			}
		},
		{
			"from": [ 8, 11.75, 7.75 ],
			"to": [ 8.25, 12, 8 ],
			"faces": {
				"north": { "uv": [ 8.5, 15.75, 8.75, 16 ], "texture": "#particle" }
			}
		},
		{
			"from": [ 8, 11.75, 7.5 ],
			"to": [ 8.25, 12, 7.75 ],
			"faces": {
				"north": { "uv": [ 8.75, 15.75, 9, 16 ], "texture": "#particle" },
				"west": { "uv": [ 8.75, 15.75, 9, 16 ], "texture": "#particle" },
				"east": { "uv": [ 8.75, 15.75, 9, 16 ], "texture": "#particle" }
			}
		},
		{
			"from": [ 8, 11.75, 7.5 ],
			"to": [ 8.25, 12, 7.75 ],
			"faces": {
				"up": { "uv": [ 9, 15.75, 9.25, 16 ], "texture": "#particle" },
				"north": { "uv": [ 9, 15.75, 9.25, 16 ], "texture": "#particle" },
				"west": { "uv": [ 9, 15.75, 9.25, 16 ], "texture": "#particle" },
				"east": { "uv": [ 9, 15.75, 9.25, 16 ], "texture": "#particle" }
			}
		},
		{
			"from": [ 8.25, 11.75, 7.75 ],
			"to": [ 8.5, 12, 8 ],
			"faces": {
				"up": { "uv": [ 9.250001, 15.75, 9.500001, 16 ], "texture": "#particle" },
				"north": { "uv": [ 9.250001, 15.75, 9.500001, 16 ], "texture": "#particle" },
				"east": { "uv": [ 9.250001, 15.75, 9.500001, 16 ], "texture": "#particle" }
			}
		},
		{
			"from": [ 8.25, 11.75, 7.75 ],
			"to": [ 8.5, 12, 8 ],
			"faces": {
				"north": { "uv": [ 9.5, 15.75, 9.75, 16 ], "texture": "#particle" },
				"east": { "uv": [ 9.5, 15.75, 9.75, 16 ], "texture": "#particle" }
			}
		},
		{
			"from": [ 8.5, 11.75, 8 ],
			"to": [ 8.75, 12, 8.25 ],
			"faces": {
				"north": { "uv": [ 9.75, 15.75, 10, 16 ], "texture": "#particle" },
				"south": { "uv": [ 9.75, 15.75, 10, 16 ], "texture": "#particle" },
				"east": { "uv": [ 9.75, 15.75, 10, 16 ], "texture": "#particle" }
			}
		},
		{
			"from": [ 8.5, 11.75, 8 ],
			"to": [ 8.75, 12, 8.25 ],
			"faces": {
				"up": { "uv": [ 10, 15.75, 10.25, 16 ], "texture": "#particle" },
				"north": { "uv": [ 10, 15.75, 10.25, 16 ], "texture": "#particle" },
				"south": { "uv": [ 10, 15.75, 10.25, 16 ], "texture": "#particle" },
				"east": { "uv": [ 10, 15.75, 10.25, 16 ], "texture": "#particle" }
			}
		},
		{
			"from": [ 8.25, 11.75, 8 ],
			"to": [ 8.5, 12, 8.25 ],
			"faces": {
				"south": { "uv": [ 10.25, 15.75, 10.5, 16 ], "texture": "#particle" }
			}
		},
		{
			"from": [ 8, 11.75, 8.25 ],
			"to": [ 8.25, 12, 8.5 ],
			"faces": {
				"east": { "uv": [ 10.5, 15.75, 10.75, 16 ], "texture": "#particle" }
			}
		},
		{
			"from": [ 8.25, 11.75, 8.25 ],
			"to": [ 8.5, 12, 8.5 ],
			"faces": {
				"south": { "uv": [ 10.75, 15.75, 11, 16 ], "texture": "#particle" },
				"east": { "uv": [ 10.75, 15.75, 11, 16 ], "texture": "#particle" }
			}
		},
		{
			"from": [ 8, 11.75, 8.25 ],
			"to": [ 8.25, 12, 8.5 ],
			"faces": {
				"south": { "uv": [ 11, 15.75, 11.25, 16 ], "texture": "#particle" }
			}
		},
		{
			"from": [ 8, 11.75, 8.5 ],
			"to": [ 8.25, 12, 8.75 ],
			"faces": {
				"south": { "uv": [ 11.25, 15.75, 11.5, 16 ], "texture": "#particle" },
				"west": { "uv": [ 11.25, 15.75, 11.5, 16 ], "texture": "#particle" },
				"east": { "uv": [ 11.25, 15.75, 11.5, 16 ], "texture": "#particle" }
			}
		},
		{
			"from": [ 7.75, 11.75, 8.25 ],
			"to": [ 8, 12, 8.5 ],
			"faces": {
				"south": { "uv": [ 11.5, 15.75, 11.75, 16 ], "texture": "#particle" },
				"west": { "uv": [ 11.5, 15.75, 11.75, 16 ], "texture": "#particle" }
			}
		},
		{
			"from": [ 7.75, 11.75, 8.25 ],
			"to": [ 8, 12, 8.5 ],
			"faces": {
				"up": { "uv": [ 11.75, 15.75, 12, 16 ], "texture": "#particle" },
				"south": { "uv": [ 11.75, 15.75, 12, 16 ], "texture": "#particle" },
				"west": { "uv": [ 11.75, 15.75, 12, 16 ], "texture": "#particle" }
			}
		},
		{
			"from": [ 7.5, 11.75, 8 ],
			"to": [ 7.75, 12, 8.25 ],
			"faces": {
				"north": { "uv": [ 12, 15.75, 12.25, 16 ], "texture": "#particle" },
				"south": { "uv": [ 12, 15.75, 12.25, 16 ], "texture": "#particle" },
				"west": { "uv": [ 12, 15.75, 12.25, 16 ], "texture": "#particle" }
			}
		},
		{
			"from": [ 7.5, 11.75, 8 ],
			"to": [ 7.75, 12, 8.25 ],
			"faces": {
				"up": { "uv": [ 12.25, 15.75, 12.5, 16 ], "texture": "#particle" },
				"north": { "uv": [ 12.25, 15.75, 12.5, 16 ], "texture": "#particle" },
				"south": { "uv": [ 12.25, 15.75, 12.5, 16 ], "texture": "#particle" },
				"west": { "uv": [ 12.25, 15.75, 12.5, 16 ], "texture": "#particle" }
			}
		},
		{
			"from": [ 7.75, 11.75, 8 ],
			"to": [ 8, 12, 8.25 ],
			"faces": {
				"north": { "uv": [ 12.5, 15.75, 12.75, 16 ], "texture": "#particle" }
			}
		},
		{
			"from": [ 8, 11.75, 7.75 ],
			"to": [ 8.25, 12, 8 ],
			"faces": {
				"west": { "uv": [ 12.75, 15.75, 13, 16 ], "texture": "#particle" }
			}
		},
		{
			"from": [ 7.75, 11.75, 7.75 ],
			"to": [ 8, 12, 8 ],
			"faces": {
				"north": { "uv": [ 13, 15.75, 13.25, 16 ], "texture": "#particle" },
				"west": { "uv": [ 13, 15.75, 13.25, 16 ], "texture": "#particle" }
			}
		},
		{
			"from": [ 8, 12, 7.75 ],
			"to": [ 8.25, 12.25, 8 ],
			"faces": {
				"north": { "uv": [ 13.25, 15.75, 13.5, 16 ], "texture": "#particle" },
				"east": { "uv": [ 13.25, 15.75, 13.5, 16 ], "texture": "#particle" }
			}
		},
		{
			"from": [ 8, 12, 7.5 ],
			"to": [ 8.25, 12.25, 7.75 ],
			"faces": {
				"up": { "uv": [ 13.5, 15.75, 13.75, 16 ], "texture": "#particle" },
				"north": { "uv": [ 13.5, 15.75, 13.75, 16 ], "texture": "#particle" },
				"west": { "uv": [ 13.5, 15.75, 13.75, 16 ], "texture": "#particle" },
				"east": { "uv": [ 13.25, 15.75, 13.5, 16 ], "texture": "#particle" }
			}
		},
		{
			"from": [ 8, 12, 7.75 ],
			"to": [ 8.25, 12.25, 8 ],
			"faces": {
				"north": { "uv": [ 13.75, 15.75, 14, 16 ], "texture": "#particle" }
			}
		},
		{
			"from": [ 8.25, 12, 8 ],
			"to": [ 8.5, 12.25, 8.25 ],
			"faces": {
				"north": { "uv": [ 14, 15.75, 14.25, 16 ], "texture": "#particle" },
				"south": { "uv": [ 14, 15.75, 14.25, 16 ], "texture": "#particle" },
				"east": { "uv": [ 14, 15.75, 14.25, 16 ], "texture": "#particle" }
			}
		},
		{
			"from": [ 8.25, 12, 7.75 ],
			"to": [ 8.5, 12.25, 8 ],
			"faces": {
				"north": { "uv": [ 14.25, 15.75, 14.5, 16 ], "texture": "#particle" },
				"east": { "uv": [ 14, 15.75, 14.25, 16 ], "texture": "#particle" }
			}
		},
		{
			"from": [ 8.5, 12, 8 ],
			"to": [ 8.75, 12.25, 8.25 ],
			"faces": {
				"north": { "uv": [ 14.5, 15.75, 14.75, 16 ], "texture": "#particle" },
				"south": { "uv": [ 14.5, 15.75, 14.75, 16 ], "texture": "#particle" },
				"east": { "uv": [ 14.5, 15.75, 14.75, 16 ], "texture": "#particle" }
			}
		},
		{
			"from": [ 8.5, 12, 8 ],
			"to": [ 8.75, 12.25, 8.25 ],
			"faces": {
				"up": { "uv": [ 14.75, 15.75, 15, 16 ], "texture": "#particle" },
				"north": { "uv": [ 14.75, 15.75, 15, 16 ], "texture": "#particle" },
				"south": { "uv": [ 14.75, 15.75, 15, 16 ], "texture": "#particle" },
				"east": { "uv": [ 14.75, 15.75, 15, 16 ], "texture": "#particle" }
			}
		},
		{
			"from": [ 8, 12, 8.25 ],
			"to": [ 8.25, 12.25, 8.5 ],
			"faces": {
				"east": { "uv": [ 15, 15.75, 15.25, 16 ], "texture": "#particle" }
			}
		},
		{
			"from": [ 8.25, 12, 8.25 ],
			"to": [ 8.5, 12.25, 8.5 ],
			"faces": {
				"up": { "uv": [ 15.25, 15.75, 15.5, 16 ], "texture": "#particle" },
				"south": { "uv": [ 15.25, 15.75, 15.5, 16 ], "texture": "#particle" },
				"east": { "uv": [ 15.25, 15.75, 15.5, 16 ], "texture": "#particle" }
			}
		},
		{
			"from": [ 8.25, 12, 8.25 ],
			"to": [ 8.5, 12.25, 8.5 ],
			"faces": {
				"south": { "uv": [ 15.5, 15.75, 15.75, 16 ], "texture": "#particle" },
				"east": { "uv": [ 15.5, 15.75, 15.75, 16 ], "texture": "#particle" }
			}
		},
		{
			"from": [ 8, 12, 8.25 ],
			"to": [ 8.25, 12.25, 8.5 ],
			"faces": {
				"south": { "uv": [ 15.75, 15.75, 16, 16 ], "texture": "#particle" },
				"west": { "uv": [ 15.75, 15.75, 16, 16 ], "texture": "#particle" }
			}
		},
		{
			"from": [ 8, 12, 8.5 ],
			"to": [ 8.25, 12.25, 8.75 ],
			"faces": {
				"up": { "uv": [ 1, 15.5, 1.25, 15.75 ], "texture": "#particle" },
				"south": { "uv": [ 1, 15.5, 1.25, 15.75 ], "texture": "#particle" },
				"west": { "uv": [ 1, 15.5, 1.25, 15.75 ], "texture": "#particle" },
				"east": { "uv": [ 1, 15.5, 1.25, 15.75 ], "texture": "#particle" }
			}
		},
		{
			"from": [ 7.75, 12, 8 ],
			"to": [ 8, 12.25, 8.25 ],
			"faces": {
				"north": { "uv": [ 1.25, 15.5, 1.5, 15.75 ], "texture": "#particle" },
				"south": { "uv": [ 1.25, 15.5, 1.5, 15.75 ], "texture": "#particle" },
				"west": { "uv": [ 1.25, 15.5, 1.5, 15.75 ], "texture": "#particle" }
			}
		},
		{
			"from": [ 8, 12, 7.75 ],
			"to": [ 8.25, 12.25, 8 ],
			"faces": {
				"south": { "uv": [ 1.75, 15.5, 2, 15.75 ], "texture": "#particle" },
				"west": { "uv": [ 1.75, 15.5, 2, 15.75 ], "texture": "#particle" }
			}
		},
		{
			"from": [ 7.75, 12, 8.25 ],
			"to": [ 8, 12.25, 8.5 ],
			"faces": {
				"south": { "uv": [ 1.75, 15.5, 2, 15.75 ], "texture": "#particle" },
				"west": { "uv": [ 1.75, 15.5, 2, 15.75 ], "texture": "#particle" }
			}
		},
		{
			"from": [ 7.75, 12, 8 ],
			"to": [ 8, 12.25, 8.25 ],
			"faces": {
				"west": { "uv": [ 2, 15.5, 2.25, 15.75 ], "texture": "#particle" }
			}
		},
		{
			"from": [ 7.5, 12, 8 ],
			"to": [ 7.75, 12.25, 8.25 ],
			"faces": {
				"north": { "uv": [ 2.25, 15.5, 2.5, 15.75 ], "texture": "#particle" },
				"south": { "uv": [ 2.25, 15.5, 2.5, 15.75 ], "texture": "#particle" },
				"west": { "uv": [ 2.25, 15.5, 2.5, 15.75 ], "texture": "#particle" }
			}
		},
		{
			"from": [ 7.75, 12, 7.75 ],
			"to": [ 8, 12.25, 8 ],
			"faces": {
				"up": { "uv": [ 2.5, 15.5, 2.75, 15.75 ], "texture": "#particle" },
				"north": { "uv": [ 2.5, 15.5, 2.75, 15.75 ], "texture": "#particle" },
				"west": { "uv": [ 2.5, 15.5, 2.75, 15.75 ], "texture": "#particle" }
			}
		},
		{
			"from": [ 8, 12.25, 7.75 ],
			"to": [ 8.25, 12.5, 8 ],
			"faces": {
				"up": { "uv": [ 2.75, 15.5, 3, 15.75 ], "texture": "#particle" },
				"north": { "uv": [ 2.75, 15.5, 3, 15.75 ], "texture": "#particle" },
				"west": { "uv": [ 2.75, 15.5, 3, 15.75 ], "texture": "#particle" },
				"east": { "uv": [ 2.75, 15.5, 3, 15.75 ], "texture": "#particle" }
			}
		},
		{
			"from": [ 8.25, 12.25, 8 ],
			"to": [ 8.5, 12.5, 8.25 ],
			"faces": {
				"up": { "uv": [ 3, 15.5, 3.25, 15.75 ], "texture": "#particle" },
				"north": { "uv": [ 3, 15.5, 3.25, 15.75 ], "texture": "#particle" },
				"south": { "uv": [ 3, 15.5, 3.25, 15.75 ], "texture": "#particle" },
				"east": { "uv": [ 3, 15.5, 3.25, 15.75 ], "texture": "#particle" }
			}
		},
		{
			"from": [ 7.75, 12.25, 8.25 ],
			"to": [ 8.25, 12.5, 8.5 ],
			"faces": {
				"south": { "uv": [ 3.25, 15.5, 3.75, 15.75 ], "texture": "#particle" },
				"west": { "uv": [ 3.25, 15.5, 3.5, 15.75 ], "texture": "#particle" },
				"east": { "uv": [ 3.25, 15.5, 3.5, 15.75 ], "texture": "#particle" }
			}
		},
		{
			"from": [ 7.5, 12.25, 8 ],
			"to": [ 7.75, 12.5, 8.25 ],
			"faces": {
				"up": { "uv": [ 3.75, 15.5, 4, 15.75 ], "texture": "#particle" },
				"north": { "uv": [ 3.75, 15.5, 4, 15.75 ], "texture": "#particle" },
				"south": { "uv": [ 3.75, 15.5, 4, 15.75 ], "texture": "#particle" },
				"west": { "uv": [ 3.75, 15.5, 4, 15.75 ], "texture": "#particle" }
			}
		},
		{
			"from": [ 7.75, 12.25, 8 ],
			"to": [ 8, 12.5, 8.25 ],
			"faces": {
				"north": { "uv": [ 4, 15.5, 4.25, 15.75 ], "texture": "#particle" }
			}
		},
		{
			"from": [ 7.75, 12.5, 8 ],
			"to": [ 8.25, 12.75, 8.5 ],
			"faces": {
				"north": { "uv": [ 4.25, 15.5, 4.75, 15.75 ], "texture": "#particle" },
				"south": { "uv": [ 4.25, 15.5, 4.75, 15.75 ], "texture": "#particle" },
				"west": { "uv": [ 4.25, 15.5, 4.75, 15.75 ], "texture": "#particle" },
				"east": { "uv": [ 4.25, 15.5, 4.75, 15.75 ], "texture": "#particle" }
			}
		},
		{
			"from": [ 7.75, 12.5, 8 ],
			"to": [ 8, 12.75, 8.25 ],
			"faces": {
				"up": { "uv": [ 4.75, 15.5, 5, 15.75 ], "texture": "#particle" }
			}
		},
		{
			"from": [ 8, 12.5, 8.25 ],
			"to": [ 8.25, 12.75, 8.5 ],
			"faces": {
				"up": { "uv": [ 5, 15.5, 5.25, 15.75 ], "texture": "#particle" }
			}
		},
		{
			"from": [ 8, 12.75, 8 ],
			"to": [ 8.25, 13, 8.25 ],
			"faces": {
				"up": { "uv": [ 5.25, 15.5, 5.5, 15.75 ], "texture": "#particle" },
				"north": { "uv": [ 5.25, 15.5, 5.5, 15.75 ], "texture": "#particle" },
				"south": { "uv": [ 5.25, 15.5, 5.5, 15.75 ], "texture": "#particle" },
				"west": { "uv": [ 5.25, 15.5, 5.5, 15.75 ], "texture": "#particle" },
				"east": { "uv": [ 5.25, 15.5, 5.5, 15.75 ], "texture": "#particle" }
			}
		},
		{
			"from": [ 7.75, 12.75, 8.25 ],
			"to": [ 8, 13.5, 8.5 ],
			"faces": {
				"up": { "uv": [ 5, 15.5, 5.25, 15.75 ], "texture": "#particle" },
				"north": { "uv": [ 4.5, 15.5, 5.25, 15.75 ], "texture": "#particle", "rotation": 270 },
				"south": { "uv": [ 4.5, 15.5, 5.25, 15.75 ], "texture": "#particle", "rotation": 270 },
				"west": { "uv": [ 4.5, 15.5, 5.25, 15.75 ], "texture": "#particle", "rotation": 270 },
				"east": { "uv": [ 4.5, 15.5, 5.25, 15.75 ], "texture": "#particle", "rotation": 270 }
			}
		},
		{
			"from": [ 8, 12.25, 7.75 ],
			"to": [ 8.5, 12.5, 8 ],
			"faces": {
				"north": { "uv": [ 5.5, 15.5, 6, 15.75 ], "texture": "#particle" },
				"west": { "uv": [ 5.5, 15.5, 5.75, 15.75 ], "texture": "#particle" },
				"east": { "uv": [ 5.75, 15.5, 6, 15.75 ], "texture": "#particle" }
			}
		},
		{
			"from": [ 8.5, 12.25, 8 ],
			"to": [ 8.75, 12.5, 8.25 ],
			"faces": {
				"up": { "uv": [ 6, 15.5, 6.25, 15.75 ], "texture": "#particle" },
				"north": { "uv": [ 6, 15.5, 6.25, 15.75 ], "texture": "#particle" },
				"south": { "uv": [ 6, 15.5, 6.25, 15.75 ], "texture": "#particle" },
				"east": { "uv": [ 6, 15.5, 6.25, 15.75 ], "texture": "#particle" }
			}
		},
		{
			"from": [ 8.25, 12.25, 8 ],
			"to": [ 8.5, 12.5, 8.25 ],
			"faces": {
				"south": { "uv": [ 6.25, 15.5, 6.5, 15.75 ], "texture": "#particle" }
			}
		},
		{
			"from": [ 8, 12.25, 8.25 ],
			"to": [ 8.25, 12.5, 8.5 ],
			"faces": {
				"up": { "uv": [ 6.5, 15.5, 6.75, 15.75 ], "texture": "#particle" },
				"south": { "uv": [ 6.5, 15.5, 6.75, 15.75 ], "texture": "#particle" },
				"west": { "uv": [ 6.5, 15.5, 6.75, 15.75 ], "texture": "#particle" },
				"east": { "uv": [ 6.5, 15.5, 6.75, 15.75 ], "texture": "#particle" }
			}
		},
		{
			"from": [ 8, 12.25, 8 ],
			"to": [ 8.25, 12.5, 8.25 ],
			"faces": {
				"up": { "uv": [ 6.75, 15.5, 7, 15.75 ], "texture": "#particle" }
			}
		},
		{
			"from": [ 7.75, 12.25, 8 ],
			"to": [ 8, 12.5, 8.25 ],
			"faces": {
				"up": { "uv": [ 7, 15.5, 7.25, 15.75 ], "texture": "#particle" },
				"north": { "uv": [ 7, 15.5, 7.25, 15.75 ], "texture": "#particle" },
				"south": { "uv": [ 7, 15.5, 7.25, 15.75 ], "texture": "#particle" },
				"west": { "uv": [ 7, 15.5, 7.25, 15.75 ], "texture": "#particle" }
			}
		},
		{
			"from": [ 8, 12.5, 7.75 ],
			"to": [ 8.25, 12.75, 8 ],
			"faces": {
				"up": { "uv": [ 7.25, 15.5, 7.5, 15.75 ], "texture": "#particle" },
				"north": { "uv": [ 7.25, 15.5, 7.5, 15.75 ], "texture": "#particle" },
				"south": { "uv": [ 7.25, 15.5, 7.5, 15.75 ], "texture": "#particle" },
				"west": { "uv": [ 7.25, 15.5, 7.5, 15.75 ], "texture": "#particle" }
			}
		},
		{
			"from": [ 8.25, 12.5, 8 ],
			"to": [ 8.5, 12.75, 8.25 ],
			"faces": {
				"up": { "uv": [ 7.5, 15.5, 7.75, 15.75 ], "texture": "#particle" },
				"south": { "uv": [ 7.5, 15.5, 7.75, 15.75 ], "texture": "#particle" },
				"west": { "uv": [ 7.5, 15.5, 7.75, 15.75 ], "texture": "#particle" },
				"east": { "uv": [ 7.5, 15.5, 7.75, 15.75 ], "texture": "#particle" }
			}
		},
		{
			"from": [ 8.5, 12.5, 7.75 ],
			"to": [ 8.75, 13, 8 ],
			"faces": {
				"down": { "uv": [ 7.75, 15.5, 8, 15.75 ], "texture": "#particle" },
				"up": { "uv": [ 8, 15.5, 8.25, 15.75 ], "texture": "#particle" },
				"north": { "uv": [ 7.75, 15.5, 8.25, 15.75 ], "texture": "#particle", "rotation": 270 },
				"south": { "uv": [ 7.75, 15.5, 8.25, 15.75 ], "texture": "#particle", "rotation": 270 },
				"east": { "uv": [ 7.75, 15.5, 8.25, 15.75 ], "texture": "#particle", "rotation": 270 }
			}
		},
		{
			"from": [ 8.25, 12.5, 7.75 ],
			"to": [ 8.5, 12.75, 8 ],
			"faces": {
				"north": { "uv": [ 8.25, 15.5, 8.5, 15.75 ], "texture": "#particle" }
			}
		},
		{
			"from": [ 8.25, 12.75, 7.75 ],
			"to": [ 8.5, 13, 8 ],
			"faces": {
				"north": { "uv": [ 8.5, 15.5, 8.75, 15.75 ], "texture": "#particle" },
				"south": { "uv": [ 8.5, 15.5, 8.75, 15.75 ], "texture": "#particle" },
				"west": { "uv": [ 8.5, 15.5, 8.75, 15.75 ], "texture": "#particle" }
			}
		},
		{
			"from": [ 8.25, 13, 7.75 ],
			"to": [ 8.5, 13.5, 8 ],
			"faces": {
				"up": { "uv": [ 9, 15.5, 9.25, 15.75 ], "texture": "#particle" },
				"north": { "uv": [ 8.75, 15.5, 9.25, 15.75 ], "texture": "#particle", "rotation": 270 },
				"south": { "uv": [ 8.75, 15.5, 9.25, 15.75 ], "texture": "#particle", "rotation": 270 },
				"west": { "uv": [ 8.75, 15.5, 9.25, 15.75 ], "texture": "#particle", "rotation": 270 },
				"east": { "uv": [ 8.75, 15.5, 9.25, 15.75 ], "texture": "#particle", "rotation": 270 }
			}
		},
		{
			"from": [ 8, 12.25, 7.75 ],
			"to": [ 8.25, 12.5, 8 ],
			"faces": {
				"north": { "uv": [ 9.25, 15.5, 9.5, 15.75 ], "texture": "#particle" },
				"west": { "uv": [ 9.25, 15.5, 9.5, 15.75 ], "texture": "#particle" }
			}
		},
		{
			"from": [ 8.25, 12.25, 7.75 ],
			"to": [ 8.5, 12.5, 8 ],
			"faces": {
				"up": { "uv": [ 9.5, 15.5, 9.75, 15.75 ], "texture": "#particle" },
				"north": { "uv": [ 9.5, 15.5, 9.75, 15.75 ], "texture": "#particle" },
				"east": { "uv": [ 9.5, 15.5, 9.75, 15.75 ], "texture": "#particle" }
			}
		},
		{
			"from": [ 8.25, 12.25, 8 ],
			"to": [ 8.5, 12.5, 8.25 ],
			"faces": {
				"east": { "uv": [ 9.75, 15.5, 10, 15.75 ], "texture": "#particle" }
			}
		},
		{
			"from": [ 8.25, 12.25, 8.25 ],
			"to": [ 8.5, 12.5, 8.5 ],
			"faces": {
				"up": { "uv": [ 10, 15.5, 10.25, 15.75 ], "texture": "#particle" },
				"south": { "uv": [ 10, 15.5, 10.25, 15.75 ], "texture": "#particle" },
				"east": { "uv": [ 10, 15.5, 10.25, 15.75 ], "texture": "#particle" }
			}
		},
		{
			"from": [ 8, 12.25, 8.25 ],
			"to": [ 8.25, 12.5, 8.5 ],
			"faces": {
				"south": { "uv": [ 10.25, 15.5, 10.5, 15.75 ], "texture": "#particle" }
			}
		},
		{
			"from": [ 7.75, 12.25, 8.25 ],
			"to": [ 8, 12.5, 8.5 ],
			"faces": {
				"up": { "uv": [ 10.5, 15.5, 10.75, 15.75 ], "texture": "#particle" },
				"south": { "uv": [ 10.5, 15.5, 10.75, 15.75 ], "texture": "#particle" },
				"west": { "uv": [ 10.5, 15.5, 10.75, 15.75 ], "texture": "#particle" }
			}
		},
		{
			"from": [ 7.75, 12.25, 8 ],
			"to": [ 8, 12.5, 8.25 ],
			"faces": {
				"north": { "uv": [ 10.75, 15.5, 11, 15.75 ], "texture": "#particle" },
				"west": { "uv": [ 10.75, 15.5, 11, 15.75 ], "texture": "#particle" }
			}
		},
		{
			"from": [ 8, 12.5, 7.75 ],
			"to": [ 8.25, 13, 8 ],
			"faces": {
				"up": { "uv": [ 11.25, 15.5, 11.5, 15.75 ], "texture": "#particle" },
				"north": { "uv": [ 11, 15.5, 11.5, 15.75 ], "texture": "#particle", "rotation": 270 },
				"west": { "uv": [ 11, 15.5, 11.5, 15.75 ], "texture": "#particle", "rotation": 270 },
				"east": { "uv": [ 11, 15.5, 11.5, 15.75 ], "texture": "#particle", "rotation": 270 }
			}
		},
		{
			"from": [ 8.25, 12.5, 8 ],
			"to": [ 8.5, 13, 8.25 ],
			"faces": {
				"down": { "uv": [ 11, 15.5, 11.25, 15.75 ], "texture": "#particle" },
				"north": { "uv": [ 11.5, 15.5, 12, 15.75 ], "texture": "#particle", "rotation": 270 },
				"south": { "uv": [ 11.5, 15.5, 12, 15.75 ], "texture": "#particle", "rotation": 270 },
				"east": { "uv": [ 11.5, 15.5, 12, 15.75 ], "texture": "#particle", "rotation": 270 }
			}
		},
		{
			"from": [ 8, 12.5, 8.25 ],
			"to": [ 8.25, 13, 8.5 ],
			"faces": {
				"up": { "uv": [ 12.25, 15.5, 12.5, 15.75 ], "texture": "#particle" },
				"north": { "uv": [ 12, 15.5, 12.5, 15.75 ], "texture": "#particle", "rotation": 270 },
				"south": { "uv": [ 12, 15.5, 12.5, 15.75 ], "texture": "#particle", "rotation": 270 },
				"west": { "uv": [ 12, 15.5, 12.5, 15.75 ], "texture": "#particle", "rotation": 270 },
				"east": { "uv": [ 12, 15.5, 12.5, 15.75 ], "texture": "#particle", "rotation": 270 }
			}
		},
		{
			"from": [ 7.75, 12.5, 8 ],
			"to": [ 8, 13, 8.25 ],
			"faces": {
				"up": { "uv": [ 12.75, 15.5, 13, 15.75 ], "texture": "#particle" },
				"north": { "uv": [ 12.5, 15.5, 13, 15.75 ], "texture": "#particle", "rotation": 270 },
				"south": { "uv": [ 12.5, 15.5, 13, 15.75 ], "texture": "#particle", "rotation": 270 },
				"west": { "uv": [ 12.5, 15.5, 13, 15.75 ], "texture": "#particle", "rotation": 270 }
			}
		},
		{
			"from": [ 8.25, 13, 8 ],
			"to": [ 8.5, 13.25, 8.25 ],
			"faces": {
				"up": { "uv": [ 13, 15.5, 13.25, 15.75 ], "texture": "#particle" },
				"north": { "uv": [ 13, 15.5, 13.25, 15.75 ], "texture": "#particle" },
				"south": { "uv": [ 13, 15.5, 13.25, 15.75 ], "texture": "#particle" },
				"east": { "uv": [ 13, 15.5, 13.25, 15.75 ], "texture": "#particle" }
			}
		},
		{
			"from": [ 8, 13, 8 ],
			"to": [ 8.25, 13.5, 8.25 ],
			"faces": {
				"up": { "uv": [ 13.5, 15.5, 13.75, 15.75 ], "texture": "#particle" },
				"north": { "uv": [ 13.25, 15.5, 13.75, 15.75 ], "texture": "#particle", "rotation": 270 },
				"south": { "uv": [ 13.25, 15.5, 13.75, 15.75 ], "texture": "#particle", "rotation": 270 },
				"west": { "uv": [ 13.25, 15.5, 13.75, 15.75 ], "texture": "#particle", "rotation": 270 },
				"east": { "uv": [ 13.25, 15.5, 13.75, 15.75 ], "texture": "#particle", "rotation": 270 }
			}
		}
	],
	"display": {
		"thirdperson_righthand": {
			"rotation":  [ 34, 135, 0 ],
			"translation":  [ 0, 2, 1.5 ],
			"scale":  [ 0.5, 0.5, 0.5 ]
		},
		"thirdperson_lefthand": {
			"rotation":  [ 34, 225, 0 ],
			"translation":  [ 0, 2, 1.5 ],
			"scale":  [ 0.5, 0.5, 0.5 ]
		},
		"firstperson_righthand": {
			"rotation":  [ 0, 90, 0 ],
			"translation":  [ 0, 2, 0 ],
			"scale":  [ 0.75, 0.75, 0.75 ]
		},
		"firstperson_lefthand": {
			"rotation":  [ 0, 180, 0 ],
			"translation":  [ 0, 2, 0 ],
			"scale":  [ 0.75, 0.75, 0.75 ]
		},
		"gui": {
			"rotation":  [ 0, 90, 0 ]
		},
		"head": {
			"translation":  [ 0, -20, 0 ],
			"scale":  [ 2, 2, 2 ]
		},
		"ground": {
			"translation":  [ 0, 3, 0 ],
			"scale":  [ 0.75, 0.75, 0.75 ]
		},
		"fixed": {
			"rotation":  [ -35, 135, 0 ],
			"translation":  [ 0, 1.5, 0 ],
			"scale":  [ 0.75, 1, 0.75 ]
		}
	}
}