{
  "allowIllegalTexturePaths": false,
  "enableCustomTextures": true,
  "enableCustomBlockEntities": true,
  "textureUpdateFrequency_V2": "Fast",
  "restrictUpdateProperties": true,
  "restrictBiome": true,
  "restrictHeight": true,
  "restrictBlock": true,
  "restrictWeather": true,
  "restrictDayTime": true,
  "restrictMoonPhase": true,
  "enableEmissiveTextures": true,
  "enableEmissiveBlockEntities": true,
  "fullBrightEmissives": false,
  "emissiveRenderMode": "DULL",
  "specialEmissiveShield": true,
  "alwaysCheckVanillaEmissiveSuffix": true,
  "skinFeaturesEnabled": false,
  "skinFeaturesEnableTransparency": true,
  "skinFeaturesEnableFullTransparency": true,
  "skinFeaturesPrintETFReadySkin": false,
  "enableEnemyTeamPlayersSkinFeatures": false,
  "enableBlinking": false,
  "blinkFrequency": 150,
  "blinkLength": 1,
  "enableTridents": true,
  "enableElytra": true,
  "elytraThicknessFix": false,
  "advanced_IncreaseCacheSizeModifier": 1.0,
  "debugLoggingMode": "None",
  "removePixelsUnderEmissiveElytra": true,
  "removePixelsUnderEmissiveArmour": true,
  "removePixelsUnderEmissivePlayers": true,
  "removePixelsUnderEmissiveMobs": true,
  "removePixelsUnderEmissiveBlockEntity": true,
  "ignoredConfigs": [],
  "hideConfigButton": true
}