{
	"credit": "Made with Blockbench by Inposa",
	"textures": {
		"1": "block/bedrock",
		"2": "block/custom/core/core",
		"particle": "block/bedrock"
	},
	"elements": [
		{
			"name": "voxel",
			"from": [-0.11111, -0.11111, -0.11111],
			"to": [3.55556, 16.11111, 3.55556],
			"faces": {
				"north": {"uv": [13, 0, 16, 16], "texture": "#1"},
				"east": {"uv": [0, 0, 3.222, 15.666], "texture": "#1"},
				"south": {"uv": [5, 0, 8, 16], "texture": "#1"},
				"west": {"uv": [0, 0, 3, 16], "texture": "#1"},
				"up": {"uv": [0, 0, 2.66667, 2.66667], "texture": "#1"},
				"down": {"uv": [13, 0, 16, 3], "texture": "#1"}
			}
		},
		{
			"name": "voxel",
			"from": [12.44444, -0.11111, -0.11111],
			"to": [16.11111, 3.55556, 16.11111],
			"faces": {
				"north": {"uv": [0, 13, 3, 16], "texture": "#1"},
				"east": {"uv": [0, 13, 16, 16], "texture": "#1"},
				"south": {"uv": [13, 13, 16, 16], "rotation": 90, "texture": "#1"},
				"west": {"uv": [0, 0, 15, 3], "texture": "#1"},
				"up": {"uv": [0, 0, 2.66667, 14.22222], "texture": "#1"},
				"down": {"uv": [0, 0, 3, 16], "texture": "#1"}
			}
		},
		{
			"name": "voxel",
			"from": [-0.11111, -0.11111, 3.55556],
			"to": [3.55556, 3.55556, 16.11111],
			"faces": {
				"north": {"uv": [0, 0, 2.66667, 2.66667], "texture": "#1"},
				"east": {"uv": [0, 0, 11.55556, 2.66667], "texture": "#1"},
				"south": {"uv": [0, 13, 3, 16], "texture": "#1"},
				"west": {"uv": [3, 13, 16, 16], "texture": "#1"},
				"up": {"uv": [0, 0, 2.66667, 11.55556], "texture": "#1"},
				"down": {"uv": [13, 3, 16, 16], "texture": "#1"}
			}
		},
		{
			"name": "voxel",
			"from": [3.55556, -0.11111, 12.44444],
			"to": [12.44444, 3.55556, 16.11111],
			"faces": {
				"north": {"uv": [7, 0, 16, 3], "texture": "#1"},
				"east": {"uv": [0, 0, 2.66667, 2.66667], "texture": "#1"},
				"south": {"uv": [3, 13, 13, 15.889], "texture": "#1"},
				"west": {"uv": [0, 0, 2.66667, 2.66667], "texture": "#1"},
				"up": {"uv": [2, 1, 12, 4], "texture": "#1"},
				"down": {"uv": [3, 13, 13, 16], "texture": "#1"}
			}
		},
		{
			"name": "voxel",
			"from": [3.55556, -0.11111, -0.11111],
			"to": [12.44444, 3.55556, 3.55556],
			"faces": {
				"north": {"uv": [3, 13, 13, 16], "texture": "#1"},
				"east": {"uv": [0, 0, 2.66667, 3], "texture": "#1"},
				"south": {"uv": [0, 0, 8.88889, 2.66667], "texture": "#1"},
				"west": {"uv": [0, 0, 2.66667, 2.66667], "texture": "#1"},
				"up": {"uv": [0, 0, 8.88889, 2.66667], "texture": "#1"},
				"down": {"uv": [3, 0, 13, 2.667], "texture": "#1"}
			}
		},
		{
			"name": "voxel",
			"from": [12.44444, 3.55556, -0.11111],
			"to": [16.11111, 16.11111, 3.55556],
			"faces": {
				"north": {"uv": [0, 0, 3, 13], "texture": "#1"},
				"east": {"uv": [13, 0, 16, 13], "texture": "#1"},
				"south": {"uv": [0, 0, 2.66667, 11.55556], "texture": "#1"},
				"west": {"uv": [0, 0, 3, 13], "texture": "#1"},
				"up": {"uv": [0, 0, 2.66667, 2.66667], "texture": "#1"},
				"down": {"uv": [0, 0, 2.66667, 2.66667], "texture": "#1"}
			}
		},
		{
			"name": "voxel",
			"from": [-0.11111, 3.55556, 12.44444],
			"to": [3.55556, 16.11111, 16.11111],
			"faces": {
				"north": {"uv": [3, 1, 6, 14], "texture": "#1"},
				"east": {"uv": [0, 0, 2.66667, 11.55556], "texture": "#1"},
				"south": {"uv": [0, 0, 3, 13], "texture": "#1"},
				"west": {"uv": [13, 0, 16, 13], "texture": "#1"},
				"up": {"uv": [13, 0, 16, 3], "texture": "#1"},
				"down": {"uv": [0, 0, 2.66667, 2.66667], "texture": "#1"}
			}
		},
		{
			"name": "voxel",
			"from": [12.44444, 3.55556, 12.44444],
			"to": [16.11111, 16.11111, 16.11111],
			"faces": {
				"north": {"uv": [8, 0, 5, 13], "texture": "#1"},
				"east": {"uv": [0, 0, 3, 12], "texture": "#1"},
				"south": {"uv": [13, 0, 16, 12], "texture": "#1"},
				"west": {"uv": [9, 3, 12, 16], "texture": "#1"},
				"up": {"uv": [0, 0, 2.66667, 2.66667], "texture": "#1"},
				"down": {"uv": [0, 0, 2.66667, 2.66667], "texture": "#1"}
			}
		},
		{
			"name": "voxel",
			"from": [3.55556, 12.44444, -0.11111],
			"to": [12.44444, 16.11111, 3.55556],
			"faces": {
				"north": {"uv": [5, 0, 14, 3], "texture": "#1"},
				"east": {"uv": [0, 0, 2.66667, 2.66667], "texture": "#1"},
				"south": {"uv": [0, 0, 8.88889, 2.66667], "texture": "#1"},
				"west": {"uv": [0, 0, 2.66667, 2.66667], "texture": "#1"},
				"up": {"uv": [3, 13, 13, 16], "rotation": 180, "texture": "#1"},
				"down": {"uv": [0, 0, 8.88889, 2.66667], "texture": "#1"}
			}
		},
		{
			"name": "voxel",
			"from": [3.55556, 12.44444, 12.44444],
			"to": [12.44444, 16.11111, 16.11111],
			"faces": {
				"north": {"uv": [13, 1, 2, 4], "texture": "#1"},
				"east": {"uv": [0, 0, 2.66667, 2.66667], "texture": "#1"},
				"south": {"uv": [3, 0, 13, 3], "texture": "#1"},
				"west": {"uv": [0, 0, 2.66667, 2.66667], "texture": "#1"},
				"up": {"uv": [3, 0, 13, 3], "texture": "#1"},
				"down": {"uv": [0, 0, 8.88889, 2.66667], "texture": "#1"}
			}
		},
		{
			"name": "voxel",
			"from": [-0.11111, 12.44444, 3.55556],
			"to": [3.55556, 16.11111, 12.44444],
			"faces": {
				"north": {"uv": [0, 0, 2.66667, 2.66667], "texture": "#1"},
				"east": {"uv": [0, 0, 8.88889, 2.66667], "texture": "#1"},
				"south": {"uv": [0, 0, 2.66667, 2.66667], "texture": "#1"},
				"west": {"uv": [3, 0, 13, 3], "texture": "#1"},
				"up": {"uv": [13, 3, 16, 13], "texture": "#1"},
				"down": {"uv": [0, 0, 2.66667, 8.88889], "texture": "#1"}
			}
		},
		{
			"name": "voxel",
			"from": [12.44444, 12.44444, 3.55556],
			"to": [16.11111, 16.11111, 12.44444],
			"faces": {
				"north": {"uv": [0, 0, 2.66667, 2.66667], "texture": "#1"},
				"east": {"uv": [3, 0, 13, 3], "texture": "#1"},
				"south": {"uv": [0, 0, 2.66667, 2.66667], "texture": "#1"},
				"west": {"uv": [0, 0, 8.88889, 2.66667], "texture": "#1"},
				"up": {"uv": [0, 3, 3, 13], "texture": "#1"},
				"down": {"uv": [0, 0, 2.66667, 8.88889], "texture": "#1"}
			}
		},
		{
			"name": "voxel",
			"from": [4.44444, 4.44444, 4.44444],
			"to": [11.55556, 11.55556, 11.55556],
			"faces": {
				"north": {"uv": [0, 0, 16, 16], "texture": "#2"},
				"east": {"uv": [0, 0, 16, 16], "rotation": 90, "texture": "#2"},
				"south": {"uv": [0, 0, 16, 16], "rotation": 270, "texture": "#2"},
				"west": {"uv": [0, 0, 16, 16], "texture": "#2"},
				"up": {"uv": [0, 0, 16, 16], "rotation": 90, "texture": "#2"},
				"down": {"uv": [0, 0, 16, 16], "rotation": 180, "texture": "#2"}
			}
		}
	],
	"display": {
		"thirdperson_righthand": {
			"rotation": [75, 45, 0],
			"translation": [0, 2.5, 0],
			"scale": [0.375, 0.375, 0.375]
		},
		"thirdperson_lefthand": {
			"rotation": [75, 45, 0],
			"translation": [0, 2.5, 0],
			"scale": [0.375, 0.375, 0.375]
		},
		"firstperson_righthand": {
			"rotation": [0, 45, 0],
			"scale": [0.4, 0.4, 0.4]
		},
		"firstperson_lefthand": {
			"rotation": [0, 225, 0],
			"scale": [0.4, 0.4, 0.4]
		},
		"ground": {
			"translation": [0, 3, 0],
			"scale": [0.25, 0.25, 0.25]
		},
		"gui": {
			"rotation": [30, 225, 0],
			"scale": [0.625, 0.625, 0.625]
		},
		"fixed": {
			"scale": [0.5, 0.5, 0.5]
		}
	},
	"groups": [
		{
			"name": "voxel_file",
			"origin": [8, 8, 8],
			"children": [0, 1, 2, 3, 4, 5, 6, 7, 8, 9, 10, 11, 12]
		}
	]
}