{
	"credit": "Made with Blockbench",
	"ambientocclusion": false,
	"textures": {
		"2": "block/lily_pad/lily_pad_2",
		"3": "block/lily_pad/lily_pad_1"
	},
	"elements": [
		{
			"from": [12, -15, 20],
			"to": [17, 1, 20],
			"rotation": {"angle": -22.5, "axis": "y", "origin": [14, 8, 19]},
			"faces": {
				"north": {"uv": [8, 0, 13, 16], "texture": "#2"},
				"east": {"uv": [0, 0, 0, 16], "texture": "#missing"},
				"south": {"uv": [8, 0, 13, 16], "texture": "#2"},
				"west": {"uv": [0, 0, 0, 16], "texture": "#missing"},
				"up": {"uv": [0, 0, 5, 0], "texture": "#missing"},
				"down": {"uv": [0, 0, 5, 0], "texture": "#missing"}
			}
		},
		{
			"from": [3, -14, 6],
			"to": [8, 2, 6],
			"rotation": {"angle": -22.5, "axis": "y", "origin": [5.5, -6, 6]},
			"faces": {
				"north": {"uv": [8, 0, 13, 16], "texture": "#2"},
				"east": {"uv": [0, 0, 0, 16], "texture": "#missing"},
				"south": {"uv": [8, 0, 13, 16], "texture": "#2"},
				"west": {"uv": [0, 0, 0, 16], "texture": "#missing"},
				"up": {"uv": [0, 0, 5, 0], "texture": "#missing"},
				"down": {"uv": [0, 0, 5, 0], "texture": "#missing"}
			}
		},
		{
			"from": [-4, 1, 8],
			"to": [3, 1, 16],
			"rotation": {"angle": 45, "axis": "y", "origin": [1, 1, 13]},
			"faces": {
				"north": {"uv": [0, 0, 11, 0], "texture": "#missing"},
				"east": {"uv": [0, 0, 11, 0], "texture": "#missing"},
				"south": {"uv": [0, 0, 11, 0], "texture": "#2"},
				"west": {"uv": [0, 0, 11, 0], "texture": "#missing"},
				"up": {"uv": [0, 0, 7, 8], "texture": "#2"},
				"down": {"uv": [0, 0, 7, 8], "rotation": 180, "texture": "#2"}
			}
		},
		{
			"from": [-2, -15, 13],
			"to": [3, 1, 13],
			"rotation": {"angle": -22.5, "axis": "y", "origin": [0.5, -7, 13]},
			"faces": {
				"north": {"uv": [8, 0, 13, 16], "texture": "#2"},
				"east": {"uv": [0, 0, 0, 16], "texture": "#missing"},
				"south": {"uv": [8, 0, 13, 16], "texture": "#2"},
				"west": {"uv": [0, 0, 0, 16], "texture": "#missing"},
				"up": {"uv": [0, 0, 5, 0], "texture": "#missing"},
				"down": {"uv": [0, 0, 5, 0], "texture": "#missing"}
			}
		},
		{
			"from": [14, 1, 0],
			"to": [22, 1, 7],
			"rotation": {"angle": 0, "axis": "y", "origin": [18, 1, 2]},
			"faces": {
				"north": {"uv": [0, 0, 11, 0], "texture": "#missing"},
				"east": {"uv": [0, 0, 11, 0], "texture": "#3"},
				"south": {"uv": [0, 0, 11, 0], "texture": "#missing"},
				"west": {"uv": [0, 0, 11, 0], "texture": "#2"},
				"up": {"uv": [0, 0, 7, 8], "rotation": 270, "texture": "#2"},
				"down": {"uv": [0, 0, 7, 8], "rotation": 270, "texture": "#2"}
			}
		},
		{
			"from": [15, -15, 2],
			"to": [20, 1, 2],
			"rotation": {"angle": 22.5, "axis": "y", "origin": [17.5, -7, 2]},
			"faces": {
				"north": {"uv": [8, 0, 13, 16], "texture": "#2"},
				"east": {"uv": [0, 0, 0, 16], "texture": "#missing"},
				"south": {"uv": [8, 0, 13, 16], "texture": "#2"},
				"west": {"uv": [0, 0, 0, 16], "texture": "#missing"},
				"up": {"uv": [0, 0, 5, 0], "texture": "#2"},
				"down": {"uv": [0, 0, 5, 0], "texture": "#2"}
			}
		},
		{
			"from": [10, 1, 16],
			"to": [18, 1, 24],
			"rotation": {"angle": -22.5, "axis": "y", "origin": [14, 8, 19]},
			"faces": {
				"north": {"uv": [0, 0, 8, 0], "texture": "#missing"},
				"east": {"uv": [0, 0, 8, 0], "texture": "#missing"},
				"south": {"uv": [0, 0, 8, 0], "texture": "#missing"},
				"west": {"uv": [0, 0, 8, 0], "texture": "#missing"},
				"up": {"uv": [0, 8, 8, 16], "texture": "#2"},
				"down": {"uv": [0, 0, 8, 8], "texture": "#2"}
			}
		},
		{
			"from": [1, 2, 1],
			"to": [11, 2, 11],
			"rotation": {"angle": 45, "axis": "y", "origin": [6, 2, 6]},
			"faces": {
				"north": {"uv": [0, 0, 11, 0], "texture": "#missing"},
				"east": {"uv": [0, 0, 11, 0], "texture": "#missing"},
				"south": {"uv": [0, 0, 11, 0], "texture": "#missing"},
				"west": {"uv": [0, 0, 11, 0], "texture": "#missing"},
				"up": {"uv": [0, 0, 11, 11], "texture": "#3"},
				"down": {"uv": [0, 0, 11, 11], "rotation": 180, "texture": "#3"}
			}
		}
	]
}