{
	"credit": "Retextured and enhanced by Letutout",
	"parent": "item/handheld",
	"textures": {
		"layer0": "./espadon_fourreau"
	},
	"gui_light": "front",
	"display": {
		"thirdperson_righthand": {
			"rotation": [67.5, 0, 45],
			"translation": [-0.5, -6.75, 6.55],
			"scale": [1.7, 1.7, 0.7]
		},
		"thirdperson_lefthand": {
			"rotation": [67.5, 0, -45],
			"translation": [-0.75, -6.75, 6.55],
			"scale": [1.7, 1.7, 0.7]
		},
		"firstperson_righthand": {
			"rotation": [6, 5, 47],
			"translation": [10, 0, 20],
			"scale": [1.36, 1.36, 0.5]
		},
		"firstperson_lefthand": {
			"rotation": [6, 5, -47],
			"translation": [10, 0, 20],
			"scale": [1.36, 1.36, 0.5]
		},
		"ground": {
			"translation": [0, 2.75, 0],
			"scale": [1.5, 1.5, 0.5]
		},
		"gui": {
			"translation": [-2.25, -2.5, 0],
			"scale": [1.5, 1.5, 1.5]
		},
		"head": {
			"rotation": [-22, 4, 0],
			"translation": [-8.25, 3.75, 0],
			"scale": [2, 2, 1]
		},
		"fixed": {
			"rotation": [0.5, 0.1, 0],
			"translation": [-1.75, -1.75, -0.95],
			"scale": [2, 2, 1]
		}
	}
}
