{
	"credit": "Retextured and enhanced by Letutout",
	"parent": "item/handheld",
	"textures": {
		"layer0": "optifine/cit/general/combat/fourreaux/epee_longue_fourreau/epee_longue_fourreau"
	},
	"gui_light": "front",
	"display": {
		"thirdperson_righthand": {
			"rotation": [-82, 91, 128],
			"translation": [-0.25, -6.25, 1.8],
			"scale": [1.7, 1.7, 0.7]
		},
		"thirdperson_lefthand": {
			"rotation": [5, -92, -40.5],
			"translation": [-0.25, -6.25, 2.05],
			"scale": [1.7, 1.7, 0.7]
		},
		"firstperson_righthand": {
			"rotation": [6, 75, 5],
			"translation": [0.5, -3.5, 5.5],
			"scale": [1.36, 1.36, 0.5]
		},
		"firstperson_lefthand": {
			"rotation": [6, -108, -5],
			"translation": [0, -3.5, 5.5],
			"scale": [1.36, 1.36, 0.5]
		},
		"ground": {
			"translation": [0, 2.75, 0],
			"scale": [1.5, 1.5, 0.5]
		},
		"gui": {
			"translation": [-3, -2.5, 0],
			"scale": [1.8, 1.8, 1.8]
		},
		"head": {
			"rotation": [-22, 4, 0],
			"translation": [-8.25, 3.75, 0],
			"scale": [2, 2, 1]
		},
		"fixed": {
			"rotation": [0.5, 0.1, 0],
			"translation": [-1.75, -1.75, -0.95],
			"scale": [2, 2, 1]
		}
	}
}
