{
	"credit": "Made by Letutout for Herobrine.fr",
	"parent": "item/handheld",
	"textures": {
		"layer0": "./carquois"
	},
	"gui_light": "front",
	"display": {
		"thirdperson_righthand": {
			"rotation": [-113, -179, 147],
			"translation": [-12, -8.75, -0.5],
			"scale": [1.7, 1.7, 0.7]
		},
		"thirdperson_lefthand": {
			"rotation": [67, 179.5, 31.5],
			"translation": [-12, -8.75, -0.75],
			"scale": [1.7, 1.7, 0.7]
		},
		"firstperson_righthand": {
			"rotation": [6, 75, 5],
			"translation": [0.5, -3.5, 5.5],
			"scale": [1.36, 1.36, 0.5]
		},
		"firstperson_lefthand": {
			"rotation": [6, -108, -5],
			"translation": [0, -3.5, 5.5],
			"scale": [1.36, 1.36, 0.5]
		},
		"ground": {
			"translation": [0, -1.75, 0],
			"scale": [1.5, 1.5, 0.5]
		},
		"gui": {
			"translation": [-5, -4.5, 0],
			"scale": [1.8, 1.8, 1.8]
		},
		"head": {
			"rotation": [-22, 4, 0],
			"translation": [-8.25, 3.75, 0],
			"scale": [2, 2, 1]
		},
		"fixed": {
			"rotation": [0.5, 0.1, 0],
			"translation": [-5, -5.25, -0.95],
			"scale": [2, 2, 1]
		}
	}
}
