{
	"credit": "Made by Letutout for Herobrine.fr",
	"parent": "item/generated",
	"textures": {
		"layer0": "./bouclier_rond_bois_alt"
	},
	"display": {
		"thirdperson_righthand": {
			"rotation": [90, 90, 0],
			"translation": [2.6, -1, 2],
			"scale": [2, 2, 1]
		},
		"thirdperson_lefthand": {
			"rotation": [90, 90, 0],
			"translation": [2.6, -3, 2],
			"scale": [2, 2, 1]
		},
		"firstperson_righthand": {
			"rotation": [5, -75, -4],
			"translation": [6.25, -4.5, 0.5],
			"scale": [3, 3, 1]
		},
		"firstperson_lefthand": {
			"rotation": [5, -75, -4],
			"translation": [6.25, -4.5, -3],
			"scale": [3, 3, 1]
		},
		"ground": {
			"translation": [0, 2, 0],
			"scale": [1.5, 1.5, 1]
		},
		"gui": {
			"translation": [1, 1.5, -10],
			"scale": [1.7, 1.7, 1]
		},
		"fixed": {
			"translation": [1, 1, 0],
			"scale": [2, 2, 1]
		}
	}
}
