{
	"textures": {
		"texture": "./guisarme_fer"
	},
	"gui_light": "front",
	"elements": [
		{
			"name": "Cube1",
			"from": [-7, 0, 21],
			"to": [-4, 1, 22],
			"rotation": {"angle": 0, "axis": "y", "origin": [-7, 0, 21]},
			"faces": {
				"north": {"uv": [1.5, 15, 0, 15.5], "texture": "#texture"},
				"east": {"uv": [1.5, 15.5, 1, 15], "rotation": 270, "texture": "#texture"},
				"south": {"uv": [0, 15, 1.5, 15.5], "texture": "#texture"},
				"west": {"uv": [0, 15, 0.5, 15.5], "rotation": 270, "texture": "#texture"},
				"up": {"uv": [0, 15, 1.5, 15.5], "texture": "#texture"},
				"down": {"uv": [0, 15.5, 1.5, 15], "texture": "#texture"}
			}
		},
		{
			"name": "Cube2",
			"from": [-7, 0, 22],
			"to": [-5, 1, 23],
			"rotation": {"angle": 0, "axis": "y", "origin": [-7, 0, 21]},
			"faces": {
				"north": {"uv": [1, 15.5, 0, 16], "texture": "#texture"},
				"east": {"uv": [1, 16, 0.5, 15.5], "rotation": 270, "texture": "#texture"},
				"south": {"uv": [0, 15.5, 1, 16], "texture": "#texture"},
				"west": {"uv": [0, 15.5, 0.5, 16], "rotation": 270, "texture": "#texture"},
				"up": {"uv": [0, 15.5, 1, 16], "texture": "#texture"},
				"down": {"uv": [0, 16, 1, 15.5], "texture": "#texture"}
			}
		},
		{
			"name": "Cube3",
			"from": [-6, 0, 20],
			"to": [-3, 1, 21],
			"rotation": {"angle": 0, "axis": "y", "origin": [-7, 0, 21]},
			"faces": {
				"north": {"uv": [2, 14.5, 0.5, 15], "texture": "#texture"},
				"east": {"uv": [2, 15, 1.5, 14.5], "rotation": 270, "texture": "#texture"},
				"south": {"uv": [0.5, 14.5, 2, 15], "texture": "#texture"},
				"west": {"uv": [0.5, 14.5, 1, 15], "rotation": 270, "texture": "#texture"},
				"up": {"uv": [0.5, 14.5, 2, 15], "texture": "#texture"},
				"down": {"uv": [0.5, 15, 2, 14.5], "texture": "#texture"}
			}
		},
		{
			"name": "Cube4",
			"from": [-5, 0, 19],
			"to": [-2, 1, 20],
			"rotation": {"angle": 0, "axis": "y", "origin": [-7, 0, 21]},
			"faces": {
				"north": {"uv": [2.5, 14, 1, 14.5], "texture": "#texture"},
				"east": {"uv": [2.5, 14.5, 2, 14], "rotation": 270, "texture": "#texture"},
				"south": {"uv": [1, 14, 2.5, 14.5], "texture": "#texture"},
				"west": {"uv": [1, 14, 1.5, 14.5], "rotation": 270, "texture": "#texture"},
				"up": {"uv": [1, 14, 2.5, 14.5], "texture": "#texture"},
				"down": {"uv": [1, 14.5, 2.5, 14], "texture": "#texture"}
			}
		},
		{
			"name": "Cube5",
			"from": [-4, 0, 18],
			"to": [-1, 1, 19],
			"rotation": {"angle": 0, "axis": "y", "origin": [-7, 0, 21]},
			"faces": {
				"north": {"uv": [3, 13.5, 1.5, 14], "texture": "#texture"},
				"east": {"uv": [3, 14, 2.5, 13.5], "rotation": 270, "texture": "#texture"},
				"south": {"uv": [1.5, 13.5, 3, 14], "texture": "#texture"},
				"west": {"uv": [1.5, 13.5, 2, 14], "rotation": 270, "texture": "#texture"},
				"up": {"uv": [1.5, 13.5, 3, 14], "texture": "#texture"},
				"down": {"uv": [1.5, 14, 3, 13.5], "texture": "#texture"}
			}
		},
		{
			"name": "Cube6",
			"from": [-3, 0, 17],
			"to": [0, 1, 18],
			"rotation": {"angle": 0, "axis": "y", "origin": [-7, 0, 21]},
			"faces": {
				"north": {"uv": [3.5, 13, 2, 13.5], "texture": "#texture"},
				"east": {"uv": [3.5, 13.5, 3, 13], "rotation": 270, "texture": "#texture"},
				"south": {"uv": [2, 13, 3.5, 13.5], "texture": "#texture"},
				"west": {"uv": [2, 13, 2.5, 13.5], "rotation": 270, "texture": "#texture"},
				"up": {"uv": [2, 13, 3.5, 13.5], "texture": "#texture"},
				"down": {"uv": [2, 13.5, 3.5, 13], "texture": "#texture"}
			}
		},
		{
			"name": "Cube7",
			"from": [-2, 0, 16],
			"to": [1, 1, 17],
			"rotation": {"angle": 0, "axis": "y", "origin": [-7, 0, 21]},
			"faces": {
				"north": {"uv": [4, 12.5, 2.5, 13], "texture": "#texture"},
				"east": {"uv": [4, 13, 3.5, 12.5], "rotation": 270, "texture": "#texture"},
				"south": {"uv": [2.5, 12.5, 4, 13], "texture": "#texture"},
				"west": {"uv": [2.5, 12.5, 3, 13], "rotation": 270, "texture": "#texture"},
				"up": {"uv": [2.5, 12.5, 4, 13], "texture": "#texture"},
				"down": {"uv": [2.5, 13, 4, 12.5], "texture": "#texture"}
			}
		},
		{
			"name": "Cube8",
			"from": [-1, 0, 15],
			"to": [2, 1, 16],
			"rotation": {"angle": 0, "axis": "y", "origin": [-7, 0, 21]},
			"faces": {
				"north": {"uv": [4.5, 12, 3, 12.5], "texture": "#texture"},
				"east": {"uv": [4.5, 12.5, 4, 12], "rotation": 270, "texture": "#texture"},
				"south": {"uv": [3, 12, 4.5, 12.5], "texture": "#texture"},
				"west": {"uv": [3, 12, 3.5, 12.5], "rotation": 270, "texture": "#texture"},
				"up": {"uv": [3, 12, 4.5, 12.5], "texture": "#texture"},
				"down": {"uv": [3, 12.5, 4.5, 12], "texture": "#texture"}
			}
		},
		{
			"name": "Cube9",
			"from": [0, 0, 14],
			"to": [3, 1, 15],
			"rotation": {"angle": 0, "axis": "y", "origin": [-7, 0, 21]},
			"faces": {
				"north": {"uv": [5, 11.5, 3.5, 12], "texture": "#texture"},
				"east": {"uv": [5, 12, 4.5, 11.5], "rotation": 270, "texture": "#texture"},
				"south": {"uv": [3.5, 11.5, 5, 12], "texture": "#texture"},
				"west": {"uv": [3.5, 11.5, 4, 12], "rotation": 270, "texture": "#texture"},
				"up": {"uv": [3.5, 11.5, 5, 12], "texture": "#texture"},
				"down": {"uv": [3.5, 12, 5, 11.5], "texture": "#texture"}
			}
		},
		{
			"name": "Cube10",
			"from": [1, 0, 13],
			"to": [4, 1, 14],
			"rotation": {"angle": 0, "axis": "y", "origin": [-7, 0, 21]},
			"faces": {
				"north": {"uv": [5.5, 11, 4, 11.5], "texture": "#texture"},
				"east": {"uv": [5.5, 11.5, 5, 11], "rotation": 270, "texture": "#texture"},
				"south": {"uv": [4, 11, 5.5, 11.5], "texture": "#texture"},
				"west": {"uv": [4, 11, 4.5, 11.5], "rotation": 270, "texture": "#texture"},
				"up": {"uv": [4, 11, 5.5, 11.5], "texture": "#texture"},
				"down": {"uv": [4, 11.5, 5.5, 11], "texture": "#texture"}
			}
		},
		{
			"name": "Cube11",
			"from": [2, 0, 12],
			"to": [5, 1, 13],
			"rotation": {"angle": 0, "axis": "y", "origin": [-7, 0, 21]},
			"faces": {
				"north": {"uv": [6, 10.5, 4.5, 11], "texture": "#texture"},
				"east": {"uv": [6, 11, 5.5, 10.5], "rotation": 270, "texture": "#texture"},
				"south": {"uv": [4.5, 10.5, 6, 11], "texture": "#texture"},
				"west": {"uv": [4.5, 10.5, 5, 11], "rotation": 270, "texture": "#texture"},
				"up": {"uv": [4.5, 10.5, 6, 11], "texture": "#texture"},
				"down": {"uv": [4.5, 11, 6, 10.5], "texture": "#texture"}
			}
		},
		{
			"name": "Cube12",
			"from": [3, 0, 11],
			"to": [6, 1, 12],
			"rotation": {"angle": 0, "axis": "y", "origin": [-7, 0, 21]},
			"faces": {
				"north": {"uv": [6.5, 10, 5, 10.5], "texture": "#texture"},
				"east": {"uv": [6.5, 10.5, 6, 10], "rotation": 270, "texture": "#texture"},
				"south": {"uv": [5, 10, 6.5, 10.5], "texture": "#texture"},
				"west": {"uv": [5, 10, 5.5, 10.5], "rotation": 270, "texture": "#texture"},
				"up": {"uv": [5, 10, 6.5, 10.5], "texture": "#texture"},
				"down": {"uv": [5, 10.5, 6.5, 10], "texture": "#texture"}
			}
		},
		{
			"name": "Cube13",
			"from": [4, 0, 10],
			"to": [7, 1, 11],
			"rotation": {"angle": 0, "axis": "y", "origin": [-7, 0, 21]},
			"faces": {
				"north": {"uv": [7, 9.5, 5.5, 10], "texture": "#texture"},
				"east": {"uv": [7, 10, 6.5, 9.5], "rotation": 270, "texture": "#texture"},
				"south": {"uv": [5.5, 9.5, 7, 10], "texture": "#texture"},
				"west": {"uv": [5.5, 9.5, 6, 10], "rotation": 270, "texture": "#texture"},
				"up": {"uv": [5.5, 9.5, 7, 10], "texture": "#texture"},
				"down": {"uv": [5.5, 10, 7, 9.5], "texture": "#texture"}
			}
		},
		{
			"name": "Cube14",
			"from": [5, 0, 9],
			"to": [8, 1, 10],
			"rotation": {"angle": 0, "axis": "y", "origin": [-7, 0, 21]},
			"faces": {
				"north": {"uv": [7.5, 9, 6, 9.5], "texture": "#texture"},
				"east": {"uv": [7.5, 9.5, 7, 9], "rotation": 270, "texture": "#texture"},
				"south": {"uv": [6, 9, 7.5, 9.5], "texture": "#texture"},
				"west": {"uv": [6, 9, 6.5, 9.5], "rotation": 270, "texture": "#texture"},
				"up": {"uv": [6, 9, 7.5, 9.5], "texture": "#texture"},
				"down": {"uv": [6, 9.5, 7.5, 9], "texture": "#texture"}
			}
		},
		{
			"name": "Cube15",
			"from": [6, 0, 8],
			"to": [9, 1, 9],
			"rotation": {"angle": 0, "axis": "y", "origin": [-7, 0, 21]},
			"faces": {
				"north": {"uv": [8, 8.5, 6.5, 9], "texture": "#texture"},
				"east": {"uv": [8, 9, 7.5, 8.5], "rotation": 270, "texture": "#texture"},
				"south": {"uv": [6.5, 8.5, 8, 9], "texture": "#texture"},
				"west": {"uv": [6.5, 8.5, 7, 9], "rotation": 270, "texture": "#texture"},
				"up": {"uv": [6.5, 8.5, 8, 9], "texture": "#texture"},
				"down": {"uv": [6.5, 9, 8, 8.5], "texture": "#texture"}
			}
		},
		{
			"name": "Cube16",
			"from": [7, 0, 7],
			"to": [10, 1, 8],
			"rotation": {"angle": 0, "axis": "y", "origin": [-7, 0, 21]},
			"faces": {
				"north": {"uv": [8.5, 8, 7, 8.5], "texture": "#texture"},
				"east": {"uv": [8.5, 8.5, 8, 8], "rotation": 270, "texture": "#texture"},
				"south": {"uv": [7, 8, 8.5, 8.5], "texture": "#texture"},
				"west": {"uv": [7, 8, 7.5, 8.5], "rotation": 270, "texture": "#texture"},
				"up": {"uv": [7, 8, 8.5, 8.5], "texture": "#texture"},
				"down": {"uv": [7, 8.5, 8.5, 8], "texture": "#texture"}
			}
		},
		{
			"name": "Cube17",
			"from": [8, 0, 6],
			"to": [11, 1, 7],
			"rotation": {"angle": 0, "axis": "y", "origin": [-7, 0, 21]},
			"faces": {
				"north": {"uv": [9, 7.5, 7.5, 8], "texture": "#texture"},
				"east": {"uv": [9, 8, 8.5, 7.5], "rotation": 270, "texture": "#texture"},
				"south": {"uv": [7.5, 7.5, 9, 8], "texture": "#texture"},
				"west": {"uv": [7.5, 7.5, 8, 8], "rotation": 270, "texture": "#texture"},
				"up": {"uv": [7.5, 7.5, 9, 8], "texture": "#texture"},
				"down": {"uv": [7.5, 8, 9, 7.5], "texture": "#texture"}
			}
		},
		{
			"name": "Cube18",
			"from": [9, 0, 5],
			"to": [12, 1, 6],
			"rotation": {"angle": 0, "axis": "y", "origin": [-7, 0, 21]},
			"faces": {
				"north": {"uv": [9.5, 7, 8, 7.5], "texture": "#texture"},
				"east": {"uv": [9.5, 7.5, 9, 7], "rotation": 270, "texture": "#texture"},
				"south": {"uv": [8, 7, 9.5, 7.5], "texture": "#texture"},
				"west": {"uv": [8, 7, 8.5, 7.5], "rotation": 270, "texture": "#texture"},
				"up": {"uv": [8, 7, 9.5, 7.5], "texture": "#texture"},
				"down": {"uv": [8, 7.5, 9.5, 7], "texture": "#texture"}
			}
		},
		{
			"name": "Cube19",
			"from": [10, 0, 4],
			"to": [13, 1, 5],
			"rotation": {"angle": 0, "axis": "y", "origin": [-7, 0, 21]},
			"faces": {
				"north": {"uv": [10, 6.5, 8.5, 7], "texture": "#texture"},
				"east": {"uv": [10, 7, 9.5, 6.5], "rotation": 270, "texture": "#texture"},
				"south": {"uv": [8.5, 6.5, 10, 7], "texture": "#texture"},
				"west": {"uv": [8.5, 6.5, 9, 7], "rotation": 270, "texture": "#texture"},
				"up": {"uv": [8.5, 6.5, 10, 7], "texture": "#texture"},
				"down": {"uv": [8.5, 7, 10, 6.5], "texture": "#texture"}
			}
		},
		{
			"name": "Cube20",
			"from": [11, 0, 3],
			"to": [14, 1, 4],
			"rotation": {"angle": 0, "axis": "y", "origin": [-7, 0, 21]},
			"faces": {
				"north": {"uv": [10.5, 6, 9, 6.5], "texture": "#texture"},
				"east": {"uv": [10.5, 6.5, 10, 6], "rotation": 270, "texture": "#texture"},
				"south": {"uv": [9, 6, 10.5, 6.5], "texture": "#texture"},
				"west": {"uv": [9, 6, 9.5, 6.5], "rotation": 270, "texture": "#texture"},
				"up": {"uv": [9, 6, 10.5, 6.5], "texture": "#texture"},
				"down": {"uv": [9, 6.5, 10.5, 6], "texture": "#texture"}
			}
		},
		{
			"name": "Cube21",
			"from": [12, 0, -2],
			"to": [13, 1, 0],
			"rotation": {"angle": 0, "axis": "y", "origin": [-7, 0, 21]},
			"faces": {
				"north": {"uv": [9.5, 4, 10, 4.5], "texture": "#texture"},
				"east": {"uv": [9.5, 4, 10, 4.5], "texture": "#texture"},
				"south": {"uv": [9.5, 4, 10, 4.5], "texture": "#texture"},
				"west": {"uv": [9.5, 4, 10, 4.5], "texture": "#texture"},
				"up": {"uv": [9.5, 4, 10, 4.5], "texture": "#texture"},
				"down": {"uv": [9.5, 4, 10, 4.5], "texture": "#texture"}
			}
		},
		{
			"name": "Cube22",
			"from": [12, 0, 2],
			"to": [15, 1, 3],
			"rotation": {"angle": 0, "axis": "y", "origin": [-7, 0, 21]},
			"faces": {
				"north": {"uv": [11, 5.5, 9.5, 6], "texture": "#texture"},
				"east": {"uv": [11, 6, 10.5, 5.5], "rotation": 270, "texture": "#texture"},
				"south": {"uv": [9.5, 5.5, 11, 6], "texture": "#texture"},
				"west": {"uv": [9.5, 5.5, 10, 6], "rotation": 270, "texture": "#texture"},
				"up": {"uv": [9.5, 5.5, 11, 6], "texture": "#texture"},
				"down": {"uv": [9.5, 6, 11, 5.5], "texture": "#texture"}
			}
		},
		{
			"name": "Cube23",
			"from": [13, 0, -3],
			"to": [20, 1, 1],
			"rotation": {"angle": 0, "axis": "y", "origin": [-7, 0, 21]},
			"faces": {
				"north": {"uv": [13.5, 3, 10, 3.5], "texture": "#texture"},
				"east": {"uv": [13.5, 5, 13, 3], "rotation": 270, "texture": "#texture"},
				"south": {"uv": [10, 4.5, 13.5, 5], "texture": "#texture"},
				"west": {"uv": [10, 3, 10.5, 5], "rotation": 270, "texture": "#texture"},
				"up": {"uv": [10, 3, 13.5, 5], "texture": "#texture"},
				"down": {"uv": [10, 5, 13.5, 3], "texture": "#texture"}
			}
		},
		{
			"name": "Cube24",
			"from": [13, 0, 1],
			"to": [16, 1, 2],
			"rotation": {"angle": 0, "axis": "y", "origin": [-7, 0, 21]},
			"faces": {
				"north": {"uv": [11.5, 5, 10, 5.5], "texture": "#texture"},
				"east": {"uv": [11.5, 5.5, 11, 5], "rotation": 270, "texture": "#texture"},
				"south": {"uv": [10, 5, 11.5, 5.5], "texture": "#texture"},
				"west": {"uv": [10, 5, 10.5, 5.5], "rotation": 270, "texture": "#texture"},
				"up": {"uv": [10, 5, 11.5, 5.5], "texture": "#texture"},
				"down": {"uv": [10, 5.5, 11.5, 5], "texture": "#texture"}
			}
		},
		{
			"name": "Cube25",
			"from": [14, 0, -4],
			"to": [20, 1, -3],
			"rotation": {"angle": 0, "axis": "y", "origin": [-7, 0, 21]},
			"faces": {
				"north": {"uv": [13.5, 2.5, 10.5, 3], "texture": "#texture"},
				"east": {"uv": [13.5, 3, 13, 2.5], "rotation": 270, "texture": "#texture"},
				"south": {"uv": [10.5, 2.5, 13.5, 3], "texture": "#texture"},
				"west": {"uv": [10.5, 2.5, 11, 3], "rotation": 270, "texture": "#texture"},
				"up": {"uv": [10.5, 2.5, 13.5, 3], "texture": "#texture"},
				"down": {"uv": [10.5, 3, 13.5, 2.5], "texture": "#texture"}
			}
		},
		{
			"name": "Cube26",
			"from": [15, 0, -5],
			"to": [20, 1, -4],
			"rotation": {"angle": 0, "axis": "y", "origin": [-7, 0, 21]},
			"faces": {
				"north": {"uv": [13.5, 2, 11, 2.5], "texture": "#texture"},
				"east": {"uv": [13.5, 2.5, 13, 2], "rotation": 270, "texture": "#texture"},
				"south": {"uv": [11, 2, 13.5, 2.5], "texture": "#texture"},
				"west": {"uv": [11, 2, 11.5, 2.5], "rotation": 270, "texture": "#texture"},
				"up": {"uv": [11, 2, 13.5, 2.5], "texture": "#texture"},
				"down": {"uv": [11, 2.5, 13.5, 2], "texture": "#texture"}
			}
		},
		{
			"name": "Cube27",
			"from": [16, 0, -6],
			"to": [21, 1, -5],
			"rotation": {"angle": 0, "axis": "y", "origin": [-7, 0, 21]},
			"faces": {
				"north": {"uv": [14, 1.5, 11.5, 2], "texture": "#texture"},
				"east": {"uv": [14, 2, 13.5, 1.5], "rotation": 270, "texture": "#texture"},
				"south": {"uv": [11.5, 1.5, 14, 2], "texture": "#texture"},
				"west": {"uv": [11.5, 1.5, 12, 2], "rotation": 270, "texture": "#texture"},
				"up": {"uv": [11.5, 1.5, 14, 2], "texture": "#texture"},
				"down": {"uv": [11.5, 2, 14, 1.5], "texture": "#texture"}
			}
		},
		{
			"name": "Cube28",
			"from": [17, 0, -7],
			"to": [22, 1, -6],
			"rotation": {"angle": 0, "axis": "y", "origin": [-7, 0, 21]},
			"faces": {
				"north": {"uv": [14.5, 1, 12, 1.5], "texture": "#texture"},
				"east": {"uv": [14.5, 1.5, 14, 1], "rotation": 270, "texture": "#texture"},
				"south": {"uv": [12, 1, 14.5, 1.5], "texture": "#texture"},
				"west": {"uv": [12, 1, 12.5, 1.5], "rotation": 270, "texture": "#texture"},
				"up": {"uv": [12, 1, 14.5, 1.5], "texture": "#texture"},
				"down": {"uv": [12, 1.5, 14.5, 1], "texture": "#texture"}
			}
		},
		{
			"name": "Cube29",
			"from": [18, 0, -8],
			"to": [23, 1, -7],
			"rotation": {"angle": 0, "axis": "y", "origin": [-7, 0, 21]},
			"faces": {
				"north": {"uv": [15, 0.5, 12.5, 1], "texture": "#texture"},
				"east": {"uv": [15, 1, 14.5, 0.5], "rotation": 270, "texture": "#texture"},
				"south": {"uv": [12.5, 0.5, 15, 1], "texture": "#texture"},
				"west": {"uv": [12.5, 0.5, 13, 1], "rotation": 270, "texture": "#texture"},
				"up": {"uv": [12.5, 0.5, 15, 1], "texture": "#texture"},
				"down": {"uv": [12.5, 1, 15, 0.5], "texture": "#texture"}
			}
		},
		{
			"name": "Cube30",
			"from": [18, 0, 1],
			"to": [20, 1, 2],
			"rotation": {"angle": 0, "axis": "y", "origin": [-7, 0, 21]},
			"faces": {
				"north": {"uv": [13.5, 5, 12.5, 5.5], "texture": "#texture"},
				"east": {"uv": [13.5, 5.5, 13, 5], "rotation": 270, "texture": "#texture"},
				"south": {"uv": [12.5, 5, 13.5, 5.5], "texture": "#texture"},
				"west": {"uv": [12.5, 5, 13, 5.5], "rotation": 270, "texture": "#texture"},
				"up": {"uv": [12.5, 5, 13.5, 5.5], "texture": "#texture"},
				"down": {"uv": [12.5, 5.5, 13.5, 5], "texture": "#texture"}
			}
		},
		{
			"name": "Cube31",
			"from": [18, 0, 2],
			"to": [19, 1, 3],
			"rotation": {"angle": 0, "axis": "y", "origin": [-7, 0, 21]},
			"faces": {
				"north": {"uv": [13, 5.5, 12.5, 6], "texture": "#texture"},
				"east": {"uv": [13, 6, 12.5, 5.5], "rotation": 270, "texture": "#texture"},
				"south": {"uv": [12.5, 5.5, 13, 6], "texture": "#texture"},
				"west": {"uv": [12.5, 5.5, 13, 6], "rotation": 270, "texture": "#texture"},
				"up": {"uv": [12.5, 5.5, 13, 6], "texture": "#texture"},
				"down": {"uv": [12.5, 6, 13, 5.5], "texture": "#texture"}
			}
		},
		{
			"name": "Cube32",
			"from": [19, 0, -9],
			"to": [24, 1, -8],
			"rotation": {"angle": 0, "axis": "y", "origin": [-7, 0, 21]},
			"faces": {
				"north": {"uv": [15.5, 0, 13, 0.5], "texture": "#texture"},
				"east": {"uv": [15.5, 0.5, 15, 0], "rotation": 270, "texture": "#texture"},
				"south": {"uv": [13, 0, 15.5, 0.5], "texture": "#texture"},
				"west": {"uv": [13, 0, 13.5, 0.5], "rotation": 270, "texture": "#texture"},
				"up": {"uv": [13, 0, 15.5, 0.5], "texture": "#texture"},
				"down": {"uv": [13, 0.5, 15.5, 0], "texture": "#texture"}
			}
		}
	],
	"gui_light": "front",
	"display": {
		"thirdperson_righthand": {
			"rotation": [75, 0, 90],
			"translation": [-7.5, 0.9252, 2.8695]
		},
		"thirdperson_lefthand": {
			"rotation": [75, 0, -90],
			"translation": [7.5, 0.9252, 2.8695]
		},
		"firstperson_righthand": {
			"rotation": [42, 0, 90],
			"translation": [-7.5, 3.1752, 4.3695],
			"scale": [0.65, 0.65, 0.65]
		},
		"firstperson_lefthand": {
			"rotation": [-134, -180, 90],
			"translation": [5.25, 4.5, 1.5],
			"scale": [0.65, 0.65, 0.65]
		},
		"ground": {
			"rotation": [79, 0, 90],
			"translation": [-7, 10, 0],
			"scale": [0.8, 0.8, 0.8]
		},
		"gui": {
			"rotation": [90, 0, 0],
			"translation": [-0.25, -0.5, 4.25],
			"scale": [0.5, 0.5, 0.5]
		},
		"fixed": {
			"rotation": [90, 91.25, 0],
			"translation": [0.75, 0, 4.25],
			"scale": [0.65, 0.65, 0.65]
		}
	}
}
