{
	"credit": "Made by Letutout for Herobrine.fr",
	"parent": "item/generated",
	"textures": {
		"layer0": "./epee_batarde_fer"
	},
	"gui_light": "front",
	"display": {
		"thirdperson_righthand": {
			"rotation": [9.75, -90, 55],
			"translation": [0, 11, 1.75],
			"scale": [1.7, 1.7, 0.85]
		},
		"thirdperson_lefthand": {
			"rotation": [9.75, 90, -55],
			"translation": [0, 10.75, 2.25],
			"scale": [1.7, 1.7, 0.85]
		},
		"firstperson_righthand": {
			"rotation": [-36, -90, 25],
			"translation": [0.38, 9.95, 0.13],
			"scale": [1.36, 1.36, 0.68]
		},
		"firstperson_lefthand": {
			"rotation": [-36, 90, -25],
			"translation": [0.38, 9.95, 0.13],
			"scale": [1.36, 1.36, 0.68]
		},
		"ground": {
			"translation": [2.75, 4.25, 0],
			"scale": [1, 1, 0.5]
		},
		"gui": {
			"translation": [4.25, 4.75, 0],
			"scale": [1.5, 1.5, 1]
		},
		"fixed": {
			"rotation": [0, 0, 90],
			"translation": [-4, 4, -0.25],
			"scale": [1.7, 1.7, 1]
		}
	}
}
