{
	"texture_size": [32, 32],
	"textures": {
		"0": "./oiseau_cristal",
		"particle": "./oiseau_cristal"
	},
	"elements": [
		{
			"name": "head",
			"from": [7, 6, 7.1],
			"to": [9, 9, 9.1],
			"rotation": {"angle": 0, "axis": "y", "origin": [0, -0.5, -0.4]},
			"faces": {
				"north": {"uv": [2, 2, 3, 3.5], "texture": "#0"},
				"east": {"uv": [1, 2, 2, 3.5], "texture": "#0"},
				"south": {"uv": [4, 2, 5, 3.5], "texture": "#0"},
				"west": {"uv": [3, 2, 4, 3.5], "texture": "#0"},
				"up": {"uv": [3, 2, 2, 1], "texture": "#0"},
				"down": {"uv": [4, 1, 3, 2], "texture": "#0"}
			}
		},
		{
			"name": "head",
			"from": [7, 9, 6.1],
			"to": [9, 9.75, 8.85],
			"rotation": {"angle": 0, "axis": "y", "origin": [0, -0.5, -0.4]},
			"faces": {
				"north": {"uv": [7, 2, 8, 2.5], "texture": "#0"},
				"east": {"uv": [5, 2, 7, 2.5], "texture": "#0"},
				"south": {"uv": [10, 2, 11, 2.5], "texture": "#0"},
				"west": {"uv": [8, 2, 10, 2.5], "texture": "#0"},
				"up": {"uv": [8, 2, 7, 0], "texture": "#0"},
				"down": {"uv": [9, 0, 8, 2], "texture": "#0"}
			}
		},
		{
			"name": "head",
			"from": [7.55, 7.75, 6.25],
			"to": [8.55, 9.5, 7.1],
			"rotation": {"angle": 0, "axis": "y", "origin": [0, -0.5, -0.4]},
			"faces": {
				"north": {"uv": [6, 4, 6.5, 5], "texture": "#0"},
				"east": {"uv": [5.5, 4, 6, 5], "texture": "#0"},
				"south": {"uv": [7, 4, 7.5, 5], "texture": "#0"},
				"west": {"uv": [6.5, 4, 7, 5], "texture": "#0"},
				"up": {"uv": [6.5, 4, 6, 3.5], "texture": "#0"},
				"down": {"uv": [7, 3.5, 6.5, 4], "texture": "#0"}
			}
		},
		{
			"name": "head",
			"from": [7.61, 8.26, 5.41],
			"to": [8.34, 8.99, 6.89],
			"rotation": {"angle": 0, "axis": "x", "origin": [8, 8.5, 5.6]},
			"faces": {
				"north": {"uv": [8.5, 4, 9, 5], "texture": "#0"},
				"east": {"uv": [8, 4, 8.5, 5], "texture": "#0"},
				"south": {"uv": [9.5, 4, 10, 5], "texture": "#0"},
				"west": {"uv": [9, 4, 9.5, 5], "texture": "#0"},
				"up": {"uv": [9, 4, 8.5, 3.5], "texture": "#0"},
				"down": {"uv": [9.5, 3.5, 9, 4], "texture": "#0"}
			}
		},
		{
			"name": "feather",
			"from": [7.5, 8.5, 7.1],
			"to": [8.5, 10, 8.1],
			"rotation": {"angle": 0, "axis": "y", "origin": [0, -1.5, 0.35]},
			"faces": {
				"north": {"uv": [3, 12.5, 3.5, 13.5], "texture": "#0"},
				"east": {"uv": [2.5, 12.5, 3, 13.5], "texture": "#0"},
				"south": {"uv": [4, 12.5, 4.5, 13.5], "texture": "#0"},
				"west": {"uv": [3.5, 12.5, 4, 13.5], "texture": "#0"},
				"up": {"uv": [3.5, 12.5, 3, 12], "texture": "#0"},
				"down": {"uv": [4, 12, 3.5, 12.5], "texture": "#0"}
			}
		},
		{
			"name": "body",
			"from": [6.65, 2, 6.75],
			"to": [9.4, 7, 9.5],
			"rotation": {"angle": 0, "axis": "y", "origin": [0, -0.5, 0]},
			"faces": {
				"north": {"uv": [2.5, 5.5, 4, 8], "texture": "#0"},
				"east": {"uv": [1, 5.5, 2.5, 8], "texture": "#0"},
				"south": {"uv": [5.5, 5.5, 7, 8], "texture": "#0"},
				"west": {"uv": [4, 5.5, 5.5, 8], "texture": "#0"},
				"up": {"uv": [4, 5.5, 2.5, 4], "texture": "#0"},
				"down": {"uv": [5.5, 4, 4, 5.5], "texture": "#0"}
			}
		},
		{
			"name": "left_wing_rotation",
			"from": [6.25422, 1.6468, 7.16116],
			"to": [6.75422, 6.6468, 10.16116],
			"rotation": {"angle": -22.5, "axis": "x", "origin": [5.75, 5.25, 8.5]},
			"faces": {
				"north": {"uv": [11, 5.5, 11.5, 8], "texture": "#0"},
				"east": {"uv": [9.5, 5.5, 11, 8], "texture": "#0"},
				"south": {"uv": [13, 5.5, 13.5, 8], "texture": "#0"},
				"west": {"uv": [11.5, 5.5, 13, 8], "texture": "#0"},
				"up": {"uv": [11.5, 5.5, 11, 4], "texture": "#0"},
				"down": {"uv": [12, 4, 11.5, 5.5], "texture": "#0"}
			}
		},
		{
			"name": "right_wing_rotation",
			"from": [9.28432, 1.38804, 7.13819],
			"to": [9.78432, 6.38804, 10.13819],
			"rotation": {"angle": -22.5, "axis": "x", "origin": [10, 5, 8]},
			"faces": {
				"north": {"uv": [11, 5.5, 11.5, 8], "texture": "#0"},
				"east": {"uv": [9.5, 5.5, 11, 8], "texture": "#0"},
				"south": {"uv": [13, 5.5, 13.5, 8], "texture": "#0"},
				"west": {"uv": [11.5, 5.5, 13, 8], "texture": "#0"},
				"up": {"uv": [11.5, 5.5, 11, 4], "texture": "#0"},
				"down": {"uv": [12, 4, 11.5, 5.5], "texture": "#0"}
			}
		},
		{
			"name": "left_leg",
			"from": [8.5, 0, 8.25],
			"to": [9.25, 2, 8.5],
			"rotation": {"angle": 0, "axis": "y", "origin": [0, -0.5, 0]},
			"faces": {
				"north": {"uv": [7.5, 9.5, 8, 10.5], "texture": "#0"},
				"east": {"uv": [7, 9.5, 7.5, 10.5], "texture": "#0"},
				"south": {"uv": [8.5, 9.5, 9, 10.5], "texture": "#0"},
				"west": {"uv": [8, 9.5, 8.5, 10.5], "texture": "#0"},
				"up": {"uv": [8, 9.5, 7.5, 9], "texture": "#0"},
				"down": {"uv": [8.5, 9, 8, 9.5], "texture": "#0"}
			}
		},
		{
			"from": [6.75, 0, 7.25],
			"to": [7.5, 0.25, 8.5],
			"faces": {
				"north": {"uv": [0, 0, 0.375, 0.125], "texture": "#0"},
				"east": {"uv": [0, 0, 0.625, 0.125], "texture": "#0"},
				"south": {"uv": [0, 0, 0.375, 0.125], "texture": "#0"},
				"west": {"uv": [0, 0, 0.625, 0.125], "texture": "#0"},
				"up": {"uv": [0, 0, 0.375, 0.625], "texture": "#0"},
				"down": {"uv": [0, 0, 0.375, 0.625], "texture": "#0"}
			}
		},
		{
			"name": "right_leg",
			"from": [6.75, 0, 8.25],
			"to": [7.5, 2, 8.5],
			"rotation": {"angle": 0, "axis": "y", "origin": [0, -0.5, 0]},
			"faces": {
				"north": {"uv": [7.5, 9.5, 8, 10.5], "texture": "#0"},
				"east": {"uv": [7, 9.5, 7.5, 10.5], "texture": "#0"},
				"south": {"uv": [8.5, 9.5, 9, 10.5], "texture": "#0"},
				"west": {"uv": [8, 9.5, 8.5, 10.5], "texture": "#0"},
				"up": {"uv": [8, 9.5, 7.5, 9], "texture": "#0"},
				"down": {"uv": [8.5, 9, 8, 9.5], "texture": "#0"}
			}
		},
		{
			"from": [8.5, 0, 7.25],
			"to": [9.25, 0.25, 8.5],
			"faces": {
				"north": {"uv": [0, 0, 0.375, 0.125], "texture": "#0"},
				"east": {"uv": [0, 0, 0.625, 0.125], "texture": "#0"},
				"south": {"uv": [0, 0, 0.375, 0.125], "texture": "#0"},
				"west": {"uv": [0, 0, 0.625, 0.125], "texture": "#0"},
				"up": {"uv": [0, 0, 0.375, 0.625], "texture": "#0"},
				"down": {"uv": [0, 0, 0.375, 0.625], "texture": "#0"}
			}
		},
		{
			"name": "tail",
			"from": [6.5, -0.85, 9.7],
			"to": [9.5, 3.15, 10.2],
			"rotation": {"angle": -45, "axis": "x", "origin": [8, 1.75, 9.25]},
			"faces": {
				"north": {"uv": [11.5, 1, 13, 3], "texture": "#0"},
				"east": {"uv": [11, 1, 11.5, 3], "texture": "#0"},
				"south": {"uv": [13.5, 1, 15, 3], "texture": "#0"},
				"west": {"uv": [13, 1, 13.5, 3], "texture": "#0"},
				"up": {"uv": [13, 1, 11.5, 0.5], "texture": "#0"},
				"down": {"uv": [14.5, 0.5, 13, 1], "texture": "#0"}
			}
		}
	],
	"gui_light": "front",
	"display": {
		"thirdperson_righthand": {
			"rotation": [65.14, -3.03, -1.16],
			"translation": [0.75, 2.75, 19.25]
		},
		"thirdperson_lefthand": {
			"rotation": [65.14, -3.03, -1.16],
			"translation": [0.75, 2.75, 19.25]
		},
		"firstperson_righthand": {
			"translation": [2, 20, 7]
		},
		"firstperson_lefthand": {
			"translation": [2, 20, 7]
		},
		"ground": {
			"translation": [0, 4.25, 0]
		},
		"gui": {
			"rotation": [15, 139, 0],
			"translation": [0, 4, 0],
			"scale": [1.4, 1.4, 1.4]
		},
		"head": {
			"translation": [3.75, 17.25, -1.5],
			"scale": [1.4, 1.4, 1.4]
		},
		"fixed": {
			"rotation": [-90.42, 0.79, -0.09],
			"translation": [0, -1, -16],
			"scale": [2, 2, 2]
		}
	},
	"groups": [
		{
			"name": "Oiseau",
			"origin": [0, 0, 0],
			"color": 0,
			"children": [
				{
					"name": "head",
					"origin": [0, 8, -0.9],
					"color": 0,
					"children": [
						0,
						1,
						2,
						3,
						{
							"name": "feather",
							"origin": [0, 8.5, -2.15],
							"color": 0,
							"children": [4]
						}
					]
				},
				{
					"name": "body",
					"origin": [0, 7.5, -1],
					"color": 0,
					"children": [5]
				},
				{
					"name": "left_wing",
					"origin": [1.5, 7.1, -0.8],
					"color": 0,
					"children": [
						{
							"name": "left_wing_rotation",
							"origin": [-1.75, 4.85, -0.3],
							"rotation": [-155.02603, -0.94145, -179.5166],
							"color": 0,
							"children": [6]
						}
					]
				},
				{
					"name": "right_wing",
					"origin": [-1.5, 7.1, -0.8],
					"color": 0,
					"children": [
						{
							"name": "right_wing_rotation",
							"origin": [1.5, 4.6, -0.8],
							"rotation": [-157.85286, -0.2552, -176.0636],
							"color": 0,
							"children": [7]
						}
					]
				},
				{
					"name": "left_leg",
					"origin": [1, 2, -1],
					"color": 0,
					"children": [8, 9]
				},
				{
					"name": "right_leg",
					"origin": [-1, 2, -1],
					"color": 0,
					"children": [10, 11]
				},
				{
					"name": "tail",
					"origin": [0, 3.15, 0.45],
					"rotation": [-42.38244, 3.01638, 0.4826],
					"color": 0,
					"children": [12]
				}
			]
		}
	]
}