{
    "parent": "builtin/generated",
    "textures": {
        "layer0": "./ours"
    },
    "display": {
        "ground": {
            "rotation": [ 0, 0, 0 ],
            "translation": [ 0, 2, 0],
            "scale":[ 1, 1, 1 ]
        },
        "head": {
            "rotation": [ 0, 180, 0 ],
            "translation": [ 0, 13, 7],
            "scale":[ 4, 4, 1]
        },
        "thirdperson_righthand": {
            "rotation": [ 0, 0, 0 ],
            "translation": [ 0, 0, 1 ],
            "scale": [ 0.7, 0.7, 0.5 ]
        },
        "firstperson_righthand": {
            "rotation": [ 180, 90, -20 ],
            "translation": [ 1.13, 3.2, 1.13],
            "scale": [ 0.7, 0.7, 0.2 ]
        },
        "fixed": {
            "rotation": [ 0, 180, 0 ],
            "translation": [ 0, 0, 1.0 ],
            "scale": [ 5, 5, 2.1 ]
        },
        "gui": {
            "rotation": [ 0, 0, 0 ],
            "translation": [ 0, 0, -10 ],
            "scale": [ 1.0, 1.0, 1.0 ]
        }
    }
}

