{
	"credit": "Made by Letutout for Herobrine.fr",
	"textures": {
		"0": "./bouclier_long"
	},
	"gui_light": "front",
	"elements": [
		{
			"name": "shield1",
			"from": [7, -14.5, 7],
			"to": [8, 9.5, 9],
			"rotation": {"angle": 0, "axis": "y", "origin": [9, 0, 12]},
			"faces": {
				"north": {"uv": [0.5, 0.5, 0.75, 6.5], "texture": "#0"},
				"east": {"uv": [0, 0.5, 0.5, 6.5], "texture": "#0"},
				"south": {"uv": [1.25, 0.5, 1.5, 6.5], "texture": "#0"},
				"west": {"uv": [0.75, 0.5, 1.25, 6.5], "texture": "#0"},
				"up": {"uv": [0.75, 0.5, 0.5, 0], "texture": "#0"},
				"down": {"uv": [1, 0, 0.75, 0.5], "texture": "#0"}
			}
		},
		{
			"name": "shield2",
			"from": [7, -12.5, 9],
			"to": [8, 9.5, 10],
			"rotation": {"angle": 0, "axis": "y", "origin": [9, 0, 12]},
			"faces": {
				"north": {"uv": [2.75, 2.75, 3, 8.25], "texture": "#0"},
				"east": {"uv": [2.5, 2.75, 2.75, 8.25], "texture": "#0"},
				"south": {"uv": [3.25, 2.75, 3.5, 8.25], "texture": "#0"},
				"west": {"uv": [3, 2.75, 3.25, 8.25], "texture": "#0"},
				"up": {"uv": [3, 2.75, 2.75, 2.5], "texture": "#0"},
				"down": {"uv": [3.25, 2.5, 3, 2.75], "texture": "#0"}
			}
		},
		{
			"name": "shield3",
			"from": [7, -9.5, 10],
			"to": [8, 8.5, 11],
			"rotation": {"angle": 0, "axis": "y", "origin": [9, 0, 12]},
			"faces": {
				"north": {"uv": [4.75, 4.75, 5, 9.25], "texture": "#0"},
				"east": {"uv": [4.5, 4.75, 4.75, 9.25], "texture": "#0"},
				"south": {"uv": [5.25, 4.75, 5.5, 9.25], "texture": "#0"},
				"west": {"uv": [5, 4.75, 5.25, 9.25], "texture": "#0"},
				"up": {"uv": [5, 4.75, 4.75, 4.5], "texture": "#0"},
				"down": {"uv": [5.25, 4.5, 5, 4.75], "texture": "#0"}
			}
		},
		{
			"name": "shield4",
			"from": [7, -5.5, 4],
			"to": [8, 8.5, 5],
			"rotation": {"angle": 0, "axis": "y", "origin": [9, 0, 12]},
			"faces": {
				"north": {"uv": [5.5, 0.25, 5.75, 3.75], "texture": "#0"},
				"east": {"uv": [5.25, 0.25, 5.5, 3.75], "texture": "#0"},
				"south": {"uv": [6, 0.25, 6.25, 3.75], "texture": "#0"},
				"west": {"uv": [5.75, 0.25, 6, 3.75], "texture": "#0"},
				"up": {"uv": [5.75, 0.25, 5.5, 0], "texture": "#0"},
				"down": {"uv": [6, 0, 5.75, 0.25], "texture": "#0"}
			}
		},
		{
			"name": "shield5",
			"from": [7, -5.5, 11],
			"to": [8, 8.5, 12],
			"rotation": {"angle": 0, "axis": "y", "origin": [9, 0, 12]},
			"faces": {
				"north": {"uv": [4.5, 0.25, 4.75, 3.75], "texture": "#0"},
				"east": {"uv": [4.25, 0.25, 4.5, 3.75], "texture": "#0"},
				"south": {"uv": [5, 0.25, 5.25, 3.75], "texture": "#0"},
				"west": {"uv": [4.75, 0.25, 5, 3.75], "texture": "#0"},
				"up": {"uv": [4.75, 0.25, 4.5, 0], "texture": "#0"},
				"down": {"uv": [5, 0, 4.75, 0.25], "texture": "#0"}
			}
		},
		{
			"name": "shield6",
			"from": [7, -1.5, 12],
			"to": [8, 7.5, 13],
			"rotation": {"angle": 0, "axis": "y", "origin": [9, 0, 12]},
			"faces": {
				"north": {"uv": [5.75, 5.75, 6, 8], "texture": "#0"},
				"east": {"uv": [5.5, 5.75, 5.75, 8], "texture": "#0"},
				"south": {"uv": [6.25, 5.75, 6.5, 8], "texture": "#0"},
				"west": {"uv": [6, 5.75, 6.25, 8], "texture": "#0"},
				"up": {"uv": [6, 5.75, 5.75, 5.5], "texture": "#0"},
				"down": {"uv": [6.25, 5.5, 6, 5.75], "texture": "#0"}
			}
		},
		{
			"name": "shield7",
			"from": [7, -1.5, 3],
			"to": [8, 7.5, 4],
			"rotation": {"angle": 0, "axis": "y", "origin": [9, 0, 12]},
			"faces": {
				"north": {"uv": [2.75, 0.25, 3, 2.5], "texture": "#0"},
				"east": {"uv": [2.5, 0.25, 2.75, 2.5], "texture": "#0"},
				"south": {"uv": [3.25, 0.25, 3.5, 2.5], "texture": "#0"},
				"west": {"uv": [3, 0.25, 3.25, 2.5], "texture": "#0"},
				"up": {"uv": [3, 0.25, 2.75, 0], "texture": "#0"},
				"down": {"uv": [3.25, 0, 3, 0.25], "texture": "#0"}
			}
		},
		{
			"name": "shield8",
			"from": [7, 0.5, 2],
			"to": [8, 6.5, 3],
			"rotation": {"angle": 0, "axis": "y", "origin": [9, 0, 12]},
			"faces": {
				"north": {"uv": [5.75, 4, 6, 5.5], "texture": "#0"},
				"east": {"uv": [5.5, 4, 5.75, 5.5], "texture": "#0"},
				"south": {"uv": [6.25, 4, 6.5, 5.5], "texture": "#0"},
				"west": {"uv": [6, 4, 6.25, 5.5], "texture": "#0"},
				"up": {"uv": [6, 4, 5.75, 3.75], "texture": "#0"},
				"down": {"uv": [6.25, 3.75, 6, 4], "texture": "#0"}
			}
		},
		{
			"name": "shield9",
			"from": [7, 0.5, 13],
			"to": [8, 6.5, 14],
			"rotation": {"angle": 0, "axis": "y", "origin": [9, 0, 12]},
			"faces": {
				"north": {"uv": [6.5, 0.25, 6.75, 1.75], "texture": "#0"},
				"east": {"uv": [6.25, 0.25, 6.5, 1.75], "texture": "#0"},
				"south": {"uv": [7, 0.25, 7.25, 1.75], "texture": "#0"},
				"west": {"uv": [6.75, 0.25, 7, 1.75], "texture": "#0"},
				"up": {"uv": [6.75, 0.25, 6.5, 0], "texture": "#0"},
				"down": {"uv": [7, 0, 6.75, 0.25], "texture": "#0"}
			}
		},
		{
			"name": "shield10",
			"from": [7, -9.5, 5],
			"to": [8, 8.5, 6],
			"rotation": {"angle": 0, "axis": "y", "origin": [9, 0, 12]},
			"faces": {
				"north": {"uv": [3.75, 3.75, 4, 8.25], "texture": "#0"},
				"east": {"uv": [3.5, 3.75, 3.75, 8.25], "texture": "#0"},
				"south": {"uv": [4.25, 3.75, 4.5, 8.25], "texture": "#0"},
				"west": {"uv": [4, 3.75, 4.25, 8.25], "texture": "#0"},
				"up": {"uv": [4, 3.75, 3.75, 3.5], "texture": "#0"},
				"down": {"uv": [4.25, 3.5, 4, 3.75], "texture": "#0"}
			}
		},
		{
			"name": "shield11",
			"from": [7, -12.5, 6],
			"to": [8, 9.5, 7],
			"rotation": {"angle": 0, "axis": "y", "origin": [9, 0, 12]},
			"faces": {
				"north": {"uv": [1.75, 1.75, 2, 7.25], "texture": "#0"},
				"east": {"uv": [1.5, 1.75, 1.75, 7.25], "texture": "#0"},
				"south": {"uv": [2.25, 1.75, 2.5, 7.25], "texture": "#0"},
				"west": {"uv": [2, 1.75, 2.25, 7.25], "texture": "#0"},
				"up": {"uv": [2, 1.75, 1.75, 1.5], "texture": "#0"},
				"down": {"uv": [2.25, 1.5, 2, 1.75], "texture": "#0"}
			}
		}
	],
	"gui_light": "front",
	"display": {
		"thirdperson_righthand": {
			"rotation": [-0.5, 0, 0],
			"translation": [3, 3.5, 1.75]
		},
		"thirdperson_lefthand": {
			"rotation": [0, -180, 0],
			"translation": [3.1, 3.5, 1.75]
		},
		"firstperson_righthand": {
			"translation": [0, 5.75, 0.75]
		},
		"firstperson_lefthand": {
			"rotation": [0, -180, 0],
			"translation": [0, 5.75, 0.75]
		},
		"ground": {
			"translation": [0, 13.75, 0],
			"scale": [0.8, 0.8, 0.8]
		},
		"gui": {
			"rotation": [0, -90, 0],
			"translation": [0, 7.5, 0],
			"scale": [0.7, 0.7, 0.7]
		},
		"fixed": {
			"rotation": [0, 90, 0],
			"translation": [0, 8.5, -1]
		}
	},
	"groups": [
		{
			"name": "shield",
			"origin": [-1, 15.5, 3],
			"children": [0, 1, 2, 3, 4, 5, 6, 7, 8, 9, 10]
		}
	]
}
