{
	"parent": "item/generated",
	"textures": {
		"layer0": "./bouclier_ovale"
	},
	"display": {
		"thirdperson_righthand": {
			"rotation": [0, 90, 0],
			"translation": [2.6, -1, 0.75],
			"scale": [2, 2, 1]
		},
		"thirdperson_lefthand": {
			"rotation": [0, 90, 0],
			"translation": [2.6, -1, 2.75],
			"scale": [2, 2, 1]
		},
		"firstperson_righthand": {
			"rotation": [5, -75, -4],
			"translation": [6.25, -4.5, 0.5],
			"scale": [3, 3, 1]
		},
		"firstperson_lefthand": {
			"rotation": [5, -75, -4],
			"translation": [6.25, -4.5, -3],
			"scale": [3, 3, 1]
		},
		"ground": {
			"translation": [0, 5, 0],
			"scale": [1.5, 1.5, 1]
		},
		"gui": {
			"translation": [1, 1, -10],
			"scale": [1.4, 1.4, 1]
		},
		"head": {
			"translation": [0, 14, 0]
		},
		"fixed": {
			"translation": [1, 1, 0],
			"scale": [2, 2, 1]
		}
	}
}